create table rows(a int primary key) engine=ndb;
set @N=0;
insert into rows(a) 
select @N:=@N+1 
from mysql.user a, 
mysql.user b, 
mysql.user c, 
mysql.user d, 
mysql.user e, 
mysql.user f, 
mysql.user g 
limit 1000;
create table p1 (name varchar(255),
id int(11) auto_increment,
parent_id int,
parent_c1 int,
parent_c2 int,
primary key(id),
unique(name),
key k2(parent_id),
unique(parent_c1, parent_c2)
)engine = ndb;
create table c1(c1 varchar(100),
id int(11),
primary key(c1),
unique key abc (id),
key (c1),
constraint fk1 foreign key (id) references p1 (id)
) engine=ndb;
create table c2(c2 varchar(100),
id int(11),
parent_temp int,
parent_rc1 int,
parent_rc2 int,
parent_rc3 int,
primary key(c2),
unique key abc(c2),
unique key abd(parent_temp),
constraint fk1 foreign key (id) references p1 (id),
constraint fk2 foreign key (parent_rc1, parent_rc2) references p1(parent_c1, parent_c2),
constraint fk3 foreign key (parent_rc3) references c1(id)
) engine=ndb;
insert into p1(parent_id) select a from rows;
select count(1) from test.p1;
count(1)
1000
-- Show Fks working
set @n=0;
insert into test.c1(c1,id) select @N:=@N+1,id from p1;
delete from test.c1;
set @n=0;
insert into test.c1(c1,id) select @N:=@N+1,id from p1;
delete from test.c1;
delete from test.p1;
insert into p1(parent_id) select a from rows;
set @n=0;
insert into test.c1(c1,id) select @N:=@N+1,id from p1;
delete from test.c1;
Check interaction of inplace alters and restarts
create table parent (parent_pk int,
parent_uk int,
b int,
primary key (parent_pk),
unique(parent_uk)
) engine=ndb;
create table child (child_pk int,
child_uk int,
child_ord int,
data int,
primary key(child_pk),
unique(child_uk),
key(child_ord),
constraint pkpk foreign key (child_pk) references parent (parent_pk), # PK->PK
constraint pkuk foreign key (child_pk) references parent (parent_uk), # PK->UK
constraint ukpk foreign key (child_uk) references parent (parent_pk), # UK->PK
constraint ukuk foreign key (child_uk) references parent (parent_uk), # UK->UK
constraint ordpk foreign key (child_ord) references parent (parent_pk), # ORD -> PK
constraint orduk foreign key (child_ord) references parent (parent_uk) # ORD -> UK
) engine=ndb;
insert into parent values
(1,1,1), (2,2,2), (3,3,3), (4,4,4), (5,5,5), (6,6,6), (7,7,7), (8,8,8), (9,9,9), (10,10,10),
(11,100,11),
(200,12,200);
Succesful inserts
insert into child values
(1,1,1,1), (2,2,2,2), (3,3,3,3), (4,4,4,4), (5,5,5,5), (6,6,6,6), (7,7,7,7), (8,8,8,8), (9,9,9,9);
FK checks working
insert into child values (20, 10, 10, 10);
ERROR 23000: Cannot add or update a child row: a foreign key constraint fails (Unknown error code)
insert into child values (11, 11, 10, 10);
ERROR 23000: Cannot add or update a child row: a foreign key constraint fails (Unknown error code)
insert into child values (10, 12, 10, 10);
ERROR 23000: Cannot add or update a child row: a foreign key constraint fails (Unknown error code)
insert into child values (10, 200, 10, 10);
ERROR 23000: Cannot add or update a child row: a foreign key constraint fails (Unknown error code)
insert into child values (10, 10, 12, 10);
ERROR 23000: Cannot add or update a child row: a foreign key constraint fails (Unknown error code)
insert into child values (10, 10, 200, 10);
ERROR 23000: Cannot add or update a child row: a foreign key constraint fails (Unknown error code)
Capture initial schema versions for parent
and child tables and unique indices involved
in foreign keys
Now alter the tables and indices inplace
Existing FKs should be unaffected.
Alter parent
Rename table x 2
rename table parent to guardian;
rename table guardian to parent;
Parent metadata version diff
Parent table version diff
major_diff	minor_diff
0	2
Parent unique version diff
major_diff	minor_diff
0	0
Add a column
alter table parent add column extra int;
Warnings:
Warning	1478	Converted FIXED field 'extra' to DYNAMIC to enable online ADD COLUMN
Parent metadata version diff
Parent table version diff
major_diff	minor_diff
0	3
Parent unique version diff
major_diff	minor_diff
0	0
Fiddle with READ_BACKUP
alter table parent comment='NDB_TABLE=READ_BACKUP=0';
alter table parent comment='NDB_TABLE=READ_BACKUP=1';
Parent metadata version diff
Parent table version diff
major_diff	minor_diff
0	5
Parent unique version diff
major_diff	minor_diff
0	1
Alter child
Rename table
rename table child to junior;
rename table junior to child;
Child metadata diff
Child table version diff
major_diff	minor_diff
0	2
Child unique version diff
major_diff	minor_diff
0	0
Child ordered version diff
major_diff	minor_diff
0	0
Add a column
alter table child add column extra int;
Warnings:
Warning	1478	Converted FIXED field 'extra' to DYNAMIC to enable online ADD COLUMN
Child metadata diff
Child table version diff
major_diff	minor_diff
0	3
Child unique version diff
major_diff	minor_diff
0	0
Child ordered version diff
major_diff	minor_diff
0	0
Fiddle with readbackup
alter table child comment='NDB_TABLE=READ_BACKUP=0';
alter table child comment='NDB_TABLE=READ_BACKUP=1';
Child metadata diff
Child table version diff
major_diff	minor_diff
0	5
Child unique version diff
major_diff	minor_diff
0	1
Child ordered version diff
major_diff	minor_diff
0	1
-- Normal NR
--- Wait for node to stop
--- Show FKs working
set @n=0;
insert into test.c1(c1,id) select @N:=@N+1,id from p1;
delete from test.c1;
set @n=0;
insert into test.c1(c1,id) select @N:=@N+1,id from p1;
delete from test.c1;
delete from test.p1;
insert into p1(parent_id) select a from rows;
set @n=0;
insert into test.c1(c1,id) select @N:=@N+1,id from p1;
delete from test.c1;
FK checks working
insert into child values (20, 10, 10, 10, 10);
ERROR 23000: Cannot add or update a child row: a foreign key constraint fails (Unknown error code)
insert into child values (11, 11, 10, 10, 10);
ERROR 23000: Cannot add or update a child row: a foreign key constraint fails (Unknown error code)
insert into child values (10, 12, 10, 10, 10);
ERROR 23000: Cannot add or update a child row: a foreign key constraint fails (Unknown error code)
insert into child values (10, 200, 10, 10, 10);
ERROR 23000: Cannot add or update a child row: a foreign key constraint fails (Unknown error code)
insert into child values (10, 10, 12, 10, 10);
ERROR 23000: Cannot add or update a child row: a foreign key constraint fails (Unknown error code)
insert into child values (10, 10, 200, 10, 10);
ERROR 23000: Cannot add or update a child row: a foreign key constraint fails (Unknown error code)
--- Startup node again
--- Wait for node to recover
--- Show FKs working
set @n=0;
insert into test.c1(c1,id) select @N:=@N+1,id from p1;
delete from test.c1;
set @n=0;
insert into test.c1(c1,id) select @N:=@N+1,id from p1;
delete from test.c1;
delete from test.p1;
insert into p1(parent_id) select a from rows;
set @n=0;
insert into test.c1(c1,id) select @N:=@N+1,id from p1;
delete from test.c1;
FK checks working
insert into child values (20, 10, 10, 10, 10);
ERROR 23000: Cannot add or update a child row: a foreign key constraint fails (Unknown error code)
insert into child values (11, 11, 10, 10, 10);
ERROR 23000: Cannot add or update a child row: a foreign key constraint fails (Unknown error code)
insert into child values (10, 12, 10, 10, 10);
ERROR 23000: Cannot add or update a child row: a foreign key constraint fails (Unknown error code)
insert into child values (10, 200, 10, 10, 10);
ERROR 23000: Cannot add or update a child row: a foreign key constraint fails (Unknown error code)
insert into child values (10, 10, 12, 10, 10);
ERROR 23000: Cannot add or update a child row: a foreign key constraint fails (Unknown error code)
insert into child values (10, 10, 200, 10, 10);
ERROR 23000: Cannot add or update a child row: a foreign key constraint fails (Unknown error code)
-- Initial NR
--- Wait for node to stop
--- Show FKs working
set @n=0;
insert into test.c1(c1,id) select @N:=@N+1,id from p1;
delete from test.c1;
set @n=0;
insert into test.c1(c1,id) select @N:=@N+1,id from p1;
delete from test.c1;
delete from test.p1;
insert into p1(parent_id) select a from rows;
set @n=0;
insert into test.c1(c1,id) select @N:=@N+1,id from p1;
delete from test.c1;
FK checks working
insert into child values (20, 10, 10, 10, 10);
ERROR 23000: Cannot add or update a child row: a foreign key constraint fails (Unknown error code)
insert into child values (11, 11, 10, 10, 10);
ERROR 23000: Cannot add or update a child row: a foreign key constraint fails (Unknown error code)
insert into child values (10, 12, 10, 10, 10);
ERROR 23000: Cannot add or update a child row: a foreign key constraint fails (Unknown error code)
insert into child values (10, 200, 10, 10, 10);
ERROR 23000: Cannot add or update a child row: a foreign key constraint fails (Unknown error code)
insert into child values (10, 10, 12, 10, 10);
ERROR 23000: Cannot add or update a child row: a foreign key constraint fails (Unknown error code)
insert into child values (10, 10, 200, 10, 10);
ERROR 23000: Cannot add or update a child row: a foreign key constraint fails (Unknown error code)
--- Startup node again
--- Wait for node to recover
--- Show FKs working
set @n=0;
insert into test.c1(c1,id) select @N:=@N+1,id from p1;
delete from test.c1;
set @n=0;
insert into test.c1(c1,id) select @N:=@N+1,id from p1;
delete from test.c1;
delete from test.p1;
insert into p1(parent_id) select a from rows;
set @n=0;
insert into test.c1(c1,id) select @N:=@N+1,id from p1;
delete from test.c1;
FK checks working
insert into child values (20, 10, 10, 10, 10);
ERROR 23000: Cannot add or update a child row: a foreign key constraint fails (Unknown error code)
insert into child values (11, 11, 10, 10, 10);
ERROR 23000: Cannot add or update a child row: a foreign key constraint fails (Unknown error code)
insert into child values (10, 12, 10, 10, 10);
ERROR 23000: Cannot add or update a child row: a foreign key constraint fails (Unknown error code)
insert into child values (10, 200, 10, 10, 10);
ERROR 23000: Cannot add or update a child row: a foreign key constraint fails (Unknown error code)
insert into child values (10, 10, 12, 10, 10);
ERROR 23000: Cannot add or update a child row: a foreign key constraint fails (Unknown error code)
insert into child values (10, 10, 200, 10, 10);
ERROR 23000: Cannot add or update a child row: a foreign key constraint fails (Unknown error code)
-- System restart
--- Wait for node to stop
--- Startup nodes again
--- Wait for nodes to recover
--- Wait to establish connection
--- Show FKs working
set @n=0;
insert into test.c1(c1,id) select @N:=@N+1,id from p1;
delete from test.c1;
set @n=0;
insert into test.c1(c1,id) select @N:=@N+1,id from p1;
delete from test.c1;
delete from test.p1;
insert into p1(parent_id) select a from rows;
set @n=0;
insert into test.c1(c1,id) select @N:=@N+1,id from p1;
delete from test.c1;
FK checks working
insert into child values (20, 10, 10, 10, 10);
ERROR 23000: Cannot add or update a child row: a foreign key constraint fails (Unknown error code)
insert into child values (11, 11, 10, 10, 10);
ERROR 23000: Cannot add or update a child row: a foreign key constraint fails (Unknown error code)
insert into child values (10, 12, 10, 10, 10);
ERROR 23000: Cannot add or update a child row: a foreign key constraint fails (Unknown error code)
insert into child values (10, 200, 10, 10, 10);
ERROR 23000: Cannot add or update a child row: a foreign key constraint fails (Unknown error code)
insert into child values (10, 10, 12, 10, 10);
ERROR 23000: Cannot add or update a child row: a foreign key constraint fails (Unknown error code)
insert into child values (10, 10, 200, 10, 10);
ERROR 23000: Cannot add or update a child row: a foreign key constraint fails (Unknown error code)
delete from test.p1;
drop table test.c2;
drop table test.c1;
drop table test.p1;
drop table test.rows;
drop table test.child;
drop table test.parent;
