####################################
# SETUP
####################################
CREATE DATABASE statements_digest;
USE statements_digest;
CREATE TABLE t1(a int);
CREATE TABLE t2(a int);
CREATE TABLE t3(a int, b int);
CREATE TABLE t4(a int, b int);
CREATE TABLE t5(a int, b int, c int);
CREATE TABLE t6(a int, b int, c int, d int);
CREATE TABLE t11 (c CHAR(4));
CREATE TABLE t12 (c CHAR(4));
SELECT * FROM performance_schema.setup_consumers;
NAME	ENABLED
events_stages_current	YES
events_stages_history	YES
events_stages_history_long	YES
events_statements_current	NO
events_statements_history	YES
events_statements_history_long	YES
events_transactions_current	YES
events_transactions_history	YES
events_transactions_history_long	YES
events_waits_current	YES
events_waits_history	YES
events_waits_history_long	YES
global_instrumentation	YES
thread_instrumentation	YES
statements_digest	YES
TRUNCATE TABLE performance_schema.events_statements_summary_by_digest;
####################################
# EXECUTION
####################################
SELECT 1 FROM t1;
1
SELECT 1 FROM `t1`;
1
SELECT 1,2 FROM t1;
1	2
SELECT 1, 2, 3, 4 FROM t1;
1	2	3	4
SELECT 1 FROM t2;
1
SELECT 1,2 FROM t2;
1	2
SELECT 1, 2, 3, 4 FROM t2;
1	2	3	4
INSERT INTO t1 VALUES (1);
INSERT INTO t2 VALUES (1);
INSERT INTO t3 VALUES (1, 2);
INSERT INTO t4 VALUES (1, 2);
INSERT INTO t5 VALUES (1, 2, 3);
INSERT INTO t1 VALUES (1), (2), (3);
INSERT INTO t1 VALUES (1), (2), (3), (4);
INSERT INTO t3 VALUES (1, 2), (3, 4), (5, 6);
INSERT INTO t5 VALUES (1, 2, 3), (4, 5, 6), (7, 8, 9);
INSERT INTO t1 VALUES (NULL);
INSERT INTO t3 VALUES (NULL,NULL);
INSERT INTO t3 VALUES (1,NULL);
INSERT INTO t3 VALUES (NULL,1);
INSERT INTO t6 VALUES (NULL, NULL, NULL, NULL);
INSERT INTO t6 VALUES (1, NULL, NULL, NULL);
INSERT INTO t6 VALUES (NULL, 2, NULL, NULL);
INSERT INTO t6 VALUES (1, 2, 3, NULL);
INSERT INTO t6 VALUES (1, 2, NULL, 4);
SELECT                                          1           +        1;
1           +        1
2
SELECT 1;
1
1
SELECT 1 /* This is an inline comment */ + 1;
1 /* This is an inline comment */ + 1
2
SELECT 1+
/*
this is a
multiple-line comment
*/
1;
1+
/*
this is a
multiple-line comment
*/
1
2
CREATE SCHEMA statements_digest_temp;
DROP SCHEMA statements_digest_temp;
CREATE DATABASE statements_digest_temp;
DROP DATABASE statements_digest_temp;
SELECT 1 FROM no_such_table;
ERROR 42S02: Table 'statements_digest.no_such_table' doesn't exist
CREATE TABLE dup_table (c char(4));
CREATE TABLE dup_table (c char(4));
ERROR 42S01: Table 'dup_table' already exists
DROP TABLE dup_table;
INSERT IGNORE INTO t11 VALUES("MySQL");
Warnings:
Warning	1265	Data truncated for column 'c' at row 1
PREPARE stmt FROM "SELECT * FROM t12";
EXECUTE stmt;
c
EXECUTE stmt;
c
DEALLOCATE PREPARE stmt;
CREATE PROCEDURE p1() BEGIN SELECT * FROM t12; END//
CALL p1();
c
CALL p1();
c
DROP PROCEDURE p1;
CREATE FUNCTION `func`(a INT, b INT) RETURNS int(11) RETURN a+b //
select func(3,4);
func(3,4)
7
select func(13,42);
func(13,42)
55
DROP FUNCTION func;
CREATE TRIGGER trg BEFORE INSERT ON t12 FOR EACH ROW SET @a:=1;
INSERT INTO t12 VALUES ("abc");
INSERT INTO t12 VALUES ("def");
DROP TRIGGER trg;
####################################
# QUERYING PS STATEMENT DIGEST
####################################
SELECT schema_name, digest, digest_text, count_star FROM performance_schema.events_statements_summary_by_digest;
schema_name	digest	digest_text	count_star
statements_digest	b07b9c8274c437f5a972a7df5f5535d1	TRUNCATE TABLE performance_schema . events_statements_summary_by_digest 	1
statements_digest	9eebdfdb6efd7b7fdce46893c3979925	SELECT ? FROM t1 	1
statements_digest	272c30a0b127106409c1d90fd685b2b1	SELECT ? FROM `t1` 	1
statements_digest	bfa8c033cb182b9de9257dbaa557e9be	SELECT ?, ... FROM t1 	2
statements_digest	16de75292a906291284037f10e5aa47f	SELECT ? FROM t2 	1
statements_digest	fd8e169cd0f5e1316c44da098d1c7f2c	SELECT ?, ... FROM t2 	2
statements_digest	5816d49e4ca35a692988ba50ef45582a	INSERT INTO t1 VALUES (?) 	2
statements_digest	bf06c05a60d2a8b0f15f6d126aaf450c	INSERT INTO t2 VALUES (?) 	1
statements_digest	1e13f177a38d904786133ac1b54734e7	INSERT INTO t3 VALUES (...) 	4
statements_digest	bfbe6e17e50a5d2aec751a387d1013a2	INSERT INTO t4 VALUES (...) 	1
statements_digest	c0ee55ac35c195be7521770cb8b337be	INSERT INTO t5 VALUES (...) 	1
statements_digest	fc928d7741b01b9c8240ee2c1d9246c0	INSERT INTO t1 VALUES (?) /* , ... */ 	2
statements_digest	0b030bf6b51898591d20f724b2074a31	INSERT INTO t3 VALUES (...) /* , ... */ 	1
statements_digest	d8f040c3bf2c2b8c418b6122e443370c	INSERT INTO t5 VALUES (...) /* , ... */ 	1
statements_digest	9b11a7c1c6c90b81c07a4062ef407ae2	INSERT INTO t6 VALUES (...) 	5
statements_digest	c7960c0da975fcab25926fa3fad4db74	SELECT ? + ? 	3
statements_digest	46b876e64cd5c41009d91c754921f1d4	SELECT ? 	1
statements_digest	42c4f4c03241c0aed1e37abf7352dd74	CREATE SCHEMA statements_digest_temp 	2
statements_digest	679aa57823de1afd31b51fe7c9f7951a	DROP SCHEMA statements_digest_temp 	2
statements_digest	2ae3a067334031b9fa22957acd1fa83a	SELECT ? FROM no_such_table 	1
statements_digest	17225bc7b982273caa1d7865bd26f0cc	CREATE TABLE dup_table ( c CHARACTER (?) ) 	2
statements_digest	5b9341bfe4d52d509c1917300cb83868	DROP TABLE dup_table 	1
statements_digest	7e56b11e39c685d693540657498319b6	INSERT IGNORE INTO t11 VALUES (?) 	1
statements_digest	772541c10f9960f050d7a71bf5db2679	SHOW WARNINGS 	1
statements_digest	d188b6939f3ab07964fbdba40771ceec	PREPARE stmt FROM ? 	1
statements_digest	b96ac94bca8ed10c2849add994966f8a	EXECUTE stmt 	2
statements_digest	d50a22e51ebeca899f92af56954de199	DEALLOCATE PREPARE stmt 	1
statements_digest	d81c63dffd63bda74d9df4e079dbe212	CREATE PROCEDURE p1 ( ) BEGIN SELECT * FROM t12 ; END 	1
statements_digest	2b48f749b46f71afe5e1c94e2287fa56	CALL p1 ( ) 	2
statements_digest	8e16b2cf643a5cdc9601d4392f4259bf	DROP PROCEDURE p1 	1
statements_digest	798c375a8c5d6bc53d5030193277aeb8	CREATE FUNCTION `func` ( a INTEGER , b INTEGER ) RETURNS INTEGER (?) RETURN a + b 	1
statements_digest	57d166a82dd9dd4fcfb56a52c6fa5253	SELECT func (...) 	2
statements_digest	f925b4d99d2c15dd944ef5572571619a	DROP FUNCTION func 	1
statements_digest	3c4ab1c60f741743af60cc8cbb4350ff	CREATE TRIGGER trg BEFORE INSERT ON t12 FOR EACH ROW SET @? := ? 	1
statements_digest	2b0c47f4cec7023a28988de105a51969	INSERT INTO t12 VALUES (?) 	2
statements_digest	5c6f246a728345e1cdfbd328098c82bf	DROP TRIGGER trg 	1
SELECT digest, digest_text FROM performance_schema.events_statements_current;
digest	digest_text
####################################
# CLEANUP
####################################
DROP TABLE IF EXISTS t1;
DROP TABLE IF EXISTS t2;
DROP TABLE IF EXISTS t3;
DROP TABLE IF EXISTS t4;
DROP TABLE IF EXISTS t5;
DROP TABLE IF EXISTS t6;
DROP TABLE IF EXISTS t11;
DROP TABLE IF EXISTS t12;
DROP DATABASE IF EXISTS statements_digest;
