####################################
# SETUP
####################################
CREATE DATABASE statements_digest;
USE statements_digest;
CREATE TABLE t1(a int);
CREATE TABLE t2(a int);
CREATE TABLE t3(a int, b int);
CREATE TABLE t4(a int, b int);
CREATE TABLE t5(a int, b int, c int);
CREATE TABLE t6(a int, b int, c int, d int);
CREATE TABLE t11 (c CHAR(4));
CREATE TABLE t12 (c CHAR(4));
SELECT * FROM performance_schema.setup_consumers;
NAME	ENABLED
events_stages_current	YES
events_stages_history	YES
events_stages_history_long	YES
events_statements_current	NO
events_statements_history	YES
events_statements_history_long	YES
events_transactions_current	YES
events_transactions_history	YES
events_transactions_history_long	YES
events_waits_current	YES
events_waits_history	YES
events_waits_history_long	YES
global_instrumentation	YES
thread_instrumentation	YES
statements_digest	YES
TRUNCATE TABLE performance_schema.events_statements_summary_by_digest;
####################################
# EXECUTION
####################################
SELECT 1 FROM t1;
1
SELECT 1 FROM `t1`;
1
SELECT 1,2 FROM t1;
1	2
SELECT 1, 2, 3, 4 FROM t1;
1	2	3	4
SELECT 1 FROM t2;
1
SELECT 1,2 FROM t2;
1	2
SELECT 1, 2, 3, 4 FROM t2;
1	2	3	4
INSERT INTO t1 VALUES (1);
INSERT INTO t2 VALUES (1);
INSERT INTO t3 VALUES (1, 2);
INSERT INTO t4 VALUES (1, 2);
INSERT INTO t5 VALUES (1, 2, 3);
INSERT INTO t1 VALUES (1), (2), (3);
INSERT INTO t1 VALUES (1), (2), (3), (4);
INSERT INTO t3 VALUES (1, 2), (3, 4), (5, 6);
INSERT INTO t5 VALUES (1, 2, 3), (4, 5, 6), (7, 8, 9);
INSERT INTO t1 VALUES (NULL);
INSERT INTO t3 VALUES (NULL,NULL);
INSERT INTO t3 VALUES (1,NULL);
INSERT INTO t3 VALUES (NULL,1);
INSERT INTO t6 VALUES (NULL, NULL, NULL, NULL);
INSERT INTO t6 VALUES (1, NULL, NULL, NULL);
INSERT INTO t6 VALUES (NULL, 2, NULL, NULL);
INSERT INTO t6 VALUES (1, 2, 3, NULL);
INSERT INTO t6 VALUES (1, 2, NULL, 4);
SELECT                                          1           +        1;
1           +        1
2
SELECT 1;
1
1
SELECT 1 /* This is an inline comment */ + 1;
1 /* This is an inline comment */ + 1
2
SELECT 1+
/*
this is a
multiple-line comment
*/
1;
1+
/*
this is a
multiple-line comment
*/
1
2
CREATE SCHEMA statements_digest_temp;
DROP SCHEMA statements_digest_temp;
CREATE DATABASE statements_digest_temp;
DROP DATABASE statements_digest_temp;
SELECT 1 FROM no_such_table;
ERROR 42S02: Table 'statements_digest.no_such_table' doesn't exist
CREATE TABLE dup_table (c char(4));
CREATE TABLE dup_table (c char(4));
ERROR 42S01: Table 'dup_table' already exists
DROP TABLE dup_table;
INSERT IGNORE INTO t11 VALUES("MySQL");
Warnings:
Warning	1265	Data truncated for column 'c' at row 1
PREPARE stmt FROM "SELECT * FROM t12";
EXECUTE stmt;
c
EXECUTE stmt;
c
DEALLOCATE PREPARE stmt;
CREATE PROCEDURE p1() BEGIN SELECT * FROM t12; END//
CALL p1();
c
CALL p1();
c
DROP PROCEDURE p1;
CREATE FUNCTION `func`(a INT, b INT) RETURNS int(11) RETURN a+b //
select func(3,4);
func(3,4)
7
select func(13,42);
func(13,42)
55
DROP FUNCTION func;
CREATE TRIGGER trg BEFORE INSERT ON t12 FOR EACH ROW SET @a:=1;
INSERT INTO t12 VALUES ("abc");
INSERT INTO t12 VALUES ("def");
DROP TRIGGER trg;
####################################
# QUERYING PS STATEMENT DIGEST
####################################
SELECT schema_name, digest, digest_text, count_star FROM performance_schema.events_statements_summary_by_digest;
schema_name	digest	digest_text	count_star
statements_digest	6610f7832ae74fceed7f99e3b4ca8246	TRUNCATE TABLE performance_schema . events_statements_summary_by_digest 	1
statements_digest	0b9963f02eb104b3e982e0975f22f549	SELECT ? FROM t1 	1
statements_digest	a5d430a83504da987b8fb3a9fd79e7ac	SELECT ? FROM `t1` 	1
statements_digest	ab3d071f17523a74f2a4661ab8c0711a	SELECT ?, ... FROM t1 	2
statements_digest	cd7ad5e0b5f2542efedde7b4109a771d	SELECT ? FROM t2 	1
statements_digest	6dfbfe5d105a743ff9c812f03af30985	SELECT ?, ... FROM t2 	2
statements_digest	041597292b5f876f950276a70f3b1755	INSERT INTO t1 VALUES (?) 	1
statements_digest	3dd08d75eb01f3d333d4faf40d9a8613	INSERT INTO t2 VALUES (?) 	1
statements_digest	6d6e83666f918107d352303c7631e3e6	INSERT INTO t3 VALUES (...) 	4
statements_digest	b89d4d614688c510dc9e5eb809fbaf56	INSERT INTO t4 VALUES (...) 	1
statements_digest	d707d39f4b9824a03f56c978aa3b13f7	INSERT INTO t5 VALUES (...) 	1
statements_digest	8bf7654b9f3c2f32e6eb30182f3fccd2	INSERT INTO t1 VALUES (?) /* , ... */ 	2
statements_digest	a3e778b4cccb20186aa9e4c9caecd6cc	INSERT INTO t3 VALUES (...) /* , ... */ 	1
statements_digest	2b1bed6a746d31ca799d26cbeab36377	INSERT INTO t5 VALUES (...) /* , ... */ 	1
statements_digest	f54d70c7dd1a7818107808e522c06733	INSERT INTO t1 VALUES ( NULL ) 	1
statements_digest	19a3723c8cede96235d13a724c32c5c9	INSERT INTO t6 VALUES (...) 	5
statements_digest	bb994972f282af092c56f5f591722c7c	SELECT ? + ? 	3
statements_digest	d3b8bcb8d59e1c834897d03b498461a3	SELECT ? 	1
statements_digest	4d7fe285855b99a051ce1cce436d7710	CREATE SCHEMA statements_digest_temp 	2
statements_digest	2082df05f48b3c472d35eefa74fd3407	DROP SCHEMA statements_digest_temp 	2
statements_digest	9967990b2ddd42da5fae626b44575539	SELECT ? FROM no_such_table 	1
statements_digest	9541a9663ed6b69dd27384c5ad8cbc51	CREATE TABLE dup_table ( c CHARACTER (?) ) 	2
statements_digest	6472fe29c9705c77564d48397fac3b3a	DROP TABLE dup_table 	1
statements_digest	741f9dcf1d1fcad26d49ffc80971982b	INSERT IGNORE INTO t11 VALUES (?) 	1
statements_digest	ba968e9454b7ea0954f294b3ceec5b55	SHOW WARNINGS 	1
statements_digest	d515948e35ca0cb856f7f6d23ae12dfe	PREPARE stmt FROM ? 	1
statements_digest	25c49aca9689256099bf68410e533588	EXECUTE stmt 	2
statements_digest	839c809108929791ff2d992804fe010e	DEALLOCATE PREPARE stmt 	1
statements_digest	68183df13e10501902e0aedfc5e5b873	CREATE PROCEDURE p1 ( ) BEGIN SELECT * FROM t12 ; END 	1
statements_digest	b9301210ffe8f775a2ec040a9ff06e7f	CALL p1 ( ) 	2
statements_digest	5d0816d6179f223399368262a8461cdb	DROP PROCEDURE p1 	1
statements_digest	04cefcd10d8dbf4b7bd19711165a0a69	CREATE FUNCTION `func` ( a INTEGER , b INTEGER ) RETURNS INTEGER (?) RETURN a + b 	1
statements_digest	b9aa431634966c9479215ca83d075b53	SELECT func (...) 	2
statements_digest	ef1631e4f12fa4f146b6c6460ed60bc5	DROP FUNCTION func 	1
statements_digest	2ee6f9318ee6e27d2eb945beb9fb5de5	CREATE TRIGGER trg BEFORE INSERT ON t12 FOR EACH ROW SET @? := ? 	1
statements_digest	b6ee4d462de6c8bf73cedb592b65270d	INSERT INTO t12 VALUES (?) 	2
statements_digest	22a2b337920f4f447cc6040a28e74476	DROP TRIGGER trg 	1
SELECT digest, digest_text FROM performance_schema.events_statements_current;
digest	digest_text
####################################
# CLEANUP
####################################
DROP TABLE IF EXISTS t1;
DROP TABLE IF EXISTS t2;
DROP TABLE IF EXISTS t3;
DROP TABLE IF EXISTS t4;
DROP TABLE IF EXISTS t5;
DROP TABLE IF EXISTS t6;
DROP TABLE IF EXISTS t11;
DROP TABLE IF EXISTS t12;
DROP DATABASE IF EXISTS statements_digest;
