SET sql_mode='NO_ENGINE_SUBSTITUTION';
Warnings:
Warning	3090	Changing sql mode 'NO_AUTO_CREATE_USER' is deprecated. It will be removed in a future release.
####################################
# SETUP
####################################
CREATE DATABASE statements_digest;
USE statements_digest;
CREATE TABLE t1(a int);
CREATE TABLE t2(a int);
CREATE TABLE t3(a int, b int);
CREATE TABLE t4(a int, b int);
CREATE TABLE t5(a int, b int, c int);
CREATE TABLE t6(a int, b int, c int, d int);
CREATE TABLE t11 (c CHAR(4));
CREATE TABLE t12 (c CHAR(4));
TRUNCATE TABLE performance_schema.events_statements_summary_by_digest;
####################################
# EXECUTION
####################################
SELECT 1 FROM t1;
1
SELECT 1 FROM `t1`;
1
SELECT 1,2 FROM t1;
1	2
SELECT 1, 2, 3, 4 FROM t1;
1	2	3	4
SELECT 1 FROM t2;
1
SELECT 1,2 FROM t2;
1	2
SELECT 1, 2, 3, 4 FROM t2;
1	2	3	4
INSERT INTO t1 VALUES (1);
INSERT INTO t2 VALUES (1);
INSERT INTO t3 VALUES (1, 2);
INSERT INTO t4 VALUES (1, 2);
INSERT INTO t5 VALUES (1, 2, 3);
INSERT INTO t1 VALUES (1), (2), (3);
INSERT INTO t1 VALUES (1), (2), (3), (4);
INSERT INTO t3 VALUES (1, 2), (3, 4), (5, 6);
INSERT INTO t5 VALUES (1, 2, 3), (4, 5, 6), (7, 8, 9);
SELECT * FROM t1 WHERE a IN (1);
a
1
1
1
SELECT * FROM t1 WHERE a IN (1, 2, 3);
a
1
1
2
3
1
2
3
INSERT INTO t1 VALUES (NULL);
INSERT INTO t3 VALUES (NULL,NULL);
INSERT INTO t3 VALUES (1,NULL);
INSERT INTO t3 VALUES (NULL,1);
INSERT INTO t6 VALUES (NULL, NULL, NULL, NULL);
INSERT INTO t6 VALUES (1, NULL, NULL, NULL);
INSERT INTO t6 VALUES (NULL, 2, NULL, NULL);
INSERT INTO t6 VALUES (1, 2, 3, NULL);
INSERT INTO t6 VALUES (1, 2, NULL, 4);
SELECT                                          1           +        1;
1           +        1
2
SELECT 1;
1
1
SELECT 1 /* This is an inline comment */ + 1;
1 /* This is an inline comment */ + 1
2
SELECT 1+
/*
this is a
multiple-line comment
*/
1;
1+
/*
this is a
multiple-line comment
*/
1
2
CREATE SCHEMA statements_digest_temp;
DROP SCHEMA statements_digest_temp;
CREATE DATABASE statements_digest_temp;
DROP DATABASE statements_digest_temp;
SELECT 1 FROM no_such_table;
ERROR 42S02: Table 'statements_digest.no_such_table' doesn't exist
CREATE TABLE dup_table (c char(4));
CREATE TABLE dup_table (c char(4));
ERROR 42S01: Table 'dup_table' already exists
DROP TABLE dup_table;
INSERT IGNORE INTO t11 VALUES("MySQL");
Warnings:
Warning	1265	Data truncated for column 'c' at row 1
PREPARE stmt FROM "SELECT * FROM t12";
EXECUTE stmt;
c
EXECUTE stmt;
c
DEALLOCATE PREPARE stmt;
CREATE PROCEDURE p1() BEGIN SELECT * FROM t12; END//
CALL p1();
c
CALL p1();
c
DROP PROCEDURE p1;
CREATE FUNCTION `func`(a INT, b INT) RETURNS int(11) RETURN a+b //
select func(3,4);
func(3,4)
7
select func(13,42);
func(13,42)
55
DROP FUNCTION func;
CREATE TRIGGER trg BEFORE INSERT ON t12 FOR EACH ROW SET @a:=1;
INSERT INTO t12 VALUES ("abc");
INSERT INTO t12 VALUES ("def");
DROP TRIGGER trg;
####################################
# QUERYING PS STATEMENT DIGEST
####################################
SELECT SCHEMA_NAME, DIGEST, DIGEST_TEXT, COUNT_STAR, SUM_ROWS_AFFECTED, SUM_WARNINGS,
SUM_ERRORS FROM performance_schema.events_statements_summary_by_digest;
SCHEMA_NAME	DIGEST	DIGEST_TEXT	COUNT_STAR	SUM_ROWS_AFFECTED	SUM_WARNINGS	SUM_ERRORS
statements_digest	5915b4391fc379141683e8f910e37501	TRUNCATE TABLE `performance_schema` . `events_statements_summary_by_digest` 	1	0	0	0
statements_digest	bbc0ce515ca8ae0f83e84e52449b4a6a	SELECT ? FROM `t1` 	2	0	0	0
statements_digest	ad07847b638473ec23f99ede25d43a0b	SELECT ?, ... FROM `t1` 	2	0	0	0
statements_digest	8dd59e2dcbbb4e3dba83374285561bd0	SELECT ? FROM `t2` 	1	0	0	0
statements_digest	c89899bd1798a4d32b8f5861fa44ea92	SELECT ?, ... FROM `t2` 	2	0	0	0
statements_digest	3229aa2f3dbccb7ada4c883a6d39af4f	INSERT INTO `t1` VALUES (?) 	2	2	0	0
statements_digest	82208c3d2587a6f3841bb4f6e7cc67be	INSERT INTO `t2` VALUES (?) 	1	1	0	0
statements_digest	b375d36238c8c7b4d53e559f5609f698	INSERT INTO `t3` VALUES (...) 	4	4	0	0
statements_digest	9a69544f01649e65f245bc82d79e97bd	INSERT INTO `t4` VALUES (...) 	1	1	0	0
statements_digest	367aa017bb417d14ef301aed899df7d3	INSERT INTO `t5` VALUES (...) 	1	1	0	0
statements_digest	2501ab2acad3c65f01412103004e7cf7	INSERT INTO `t1` VALUES (?) /* , ... */ 	2	7	0	0
statements_digest	3e97a172b5e589addddfd297fda9d164	INSERT INTO `t3` VALUES (...) /* , ... */ 	1	3	0	0
statements_digest	9dbde09a7fb5301621615b05bc3dde3e	INSERT INTO `t5` VALUES (...) /* , ... */ 	1	3	0	0
statements_digest	38abe03f69da0b9d68c9cc3f7c2a1b34	SELECT * FROM `t1` WHERE `a` IN (...) 	2	0	0	0
statements_digest	56948929d2d7581d4100979239aa4231	INSERT INTO `t6` VALUES (...) 	5	5	0	0
statements_digest	dea9714a77d79492126c6472cb789c44	SELECT ? + ? 	3	0	0	0
statements_digest	0eb25c8ba4a449cbca9b36c9378b5232	SELECT ? 	1	0	0	0
statements_digest	30cbc9fa4e5324e983b3b69a64546770	CREATE SCHEMA `statements_digest_temp` 	2	2	0	0
statements_digest	96600022530ef22a5687086933f727e8	DROP SCHEMA `statements_digest_temp` 	2	0	0	0
statements_digest	9edfc24c8289ae1932dcf8f6812569b3	SELECT ? FROM `no_such_table` 	1	0	0	1
statements_digest	7acc039b145e482acc8d03ff68581a5d	CREATE TABLE `dup_table` ( `c` CHARACTER (?) ) 	2	0	0	1
statements_digest	6fbca6306986e743ff1e81f6fbd206a3	DROP TABLE `dup_table` 	1	0	0	0
statements_digest	6ba1a20af747fc629c003ab77835115f	INSERT IGNORE INTO `t11` VALUES (?) 	1	1	1	0
statements_digest	e4c64055c3e397ec1046c7b64b7a2902	SHOW WARNINGS 	1	0	0	0
statements_digest	bee25527f88e61d486fe8b8993f6c50c	PREPARE `stmt` FROM ? 	1	0	0	0
statements_digest	1b04281cf9e3fc7d2207fc3bcf1d0da8	EXECUTE `stmt` 	2	0	0	0
statements_digest	8ca549241dcdae86de981622cdac1ed0	DEALLOCATE PREPARE `stmt` 	1	0	0	0
statements_digest	96139fae8747e1d6523405ad40f49b56	CREATE PROCEDURE `p1` ( ) BEGIN SELECT * FROM `t12` ; END 	1	0	0	0
statements_digest	f072fc2770fdb3d96bd0eb0bb1f81325	CALL `p1` ( ) 	2	0	0	0
statements_digest	2b3d6b7ff6fda17e0b74e2978c430df0	DROP PROCEDURE `p1` 	1	0	0	0
statements_digest	101e4ae9c62be4a1dd9ea55cbafa8046	CREATE FUNCTION `func` ( `a` INTEGER , `b` INTEGER ) RETURNS INTEGER (?) RETURN `a` + `b` 	1	0	0	0
statements_digest	d3d92e054a61292c9a0c11c12349e004	SELECT `func` (...) 	2	0	0	0
statements_digest	73a4981da7f3059f232d78861f9e89c6	DROP FUNCTION `func` 	1	0	0	0
statements_digest	db92e20656b1d2b7b0d0a5cb631f53ee	CREATE TRIGGER `trg` BEFORE INSERT ON `t12` FOR EACH ROW SET @? := ? 	1	0	0	0
statements_digest	f65d65f185a3a6b6d13a8a3e78d18904	INSERT INTO `t12` VALUES (?) 	2	2	0	0
statements_digest	0512c8ac60030369c7581e81805ab551	DROP TRIGGER `trg` 	1	0	0	0
####################################
# CLEANUP
####################################
DROP TABLE IF EXISTS t1;
DROP TABLE IF EXISTS t2;
DROP TABLE IF EXISTS t3;
DROP TABLE IF EXISTS t4;
DROP TABLE IF EXISTS t5;
DROP TABLE IF EXISTS t6;
DROP TABLE IF EXISTS t11;
DROP TABLE IF EXISTS t12;
DROP DATABASE IF EXISTS statements_digest;
SET sql_mode=default;
