####################################
# SETUP
####################################
CREATE DATABASE statements_digest;
USE statements_digest;
CREATE TABLE t1(a int);
CREATE TABLE t2(a int);
CREATE TABLE t3(a int, b int);
CREATE TABLE t4(a int, b int);
CREATE TABLE t5(a int, b int, c int);
CREATE TABLE t6(a int, b int, c int, d int);
CREATE TABLE t11 (c CHAR(4));
CREATE TABLE t12 (c CHAR(4));
SELECT * FROM performance_schema.setup_consumers;
NAME	ENABLED
events_stages_current	YES
events_stages_history	YES
events_stages_history_long	YES
events_statements_current	NO
events_statements_history	YES
events_statements_history_long	YES
events_transactions_current	YES
events_transactions_history	YES
events_transactions_history_long	YES
events_waits_current	YES
events_waits_history	YES
events_waits_history_long	YES
global_instrumentation	YES
thread_instrumentation	YES
statements_digest	YES
TRUNCATE TABLE performance_schema.events_statements_summary_by_digest;
####################################
# EXECUTION
####################################
SELECT 1 FROM t1;
1
SELECT 1 FROM `t1`;
1
SELECT 1,2 FROM t1;
1	2
SELECT 1, 2, 3, 4 FROM t1;
1	2	3	4
SELECT 1 FROM t2;
1
SELECT 1,2 FROM t2;
1	2
SELECT 1, 2, 3, 4 FROM t2;
1	2	3	4
INSERT INTO t1 VALUES (1);
INSERT INTO t2 VALUES (1);
INSERT INTO t3 VALUES (1, 2);
INSERT INTO t4 VALUES (1, 2);
INSERT INTO t5 VALUES (1, 2, 3);
INSERT INTO t1 VALUES (1), (2), (3);
INSERT INTO t1 VALUES (1), (2), (3), (4);
INSERT INTO t3 VALUES (1, 2), (3, 4), (5, 6);
INSERT INTO t5 VALUES (1, 2, 3), (4, 5, 6), (7, 8, 9);
SELECT * FROM t1 WHERE a IN (1);
a
1
1
1
SELECT * FROM t1 WHERE a IN (1, 2, 3);
a
1
1
2
3
1
2
3
INSERT INTO t1 VALUES (NULL);
INSERT INTO t3 VALUES (NULL,NULL);
INSERT INTO t3 VALUES (1,NULL);
INSERT INTO t3 VALUES (NULL,1);
INSERT INTO t6 VALUES (NULL, NULL, NULL, NULL);
INSERT INTO t6 VALUES (1, NULL, NULL, NULL);
INSERT INTO t6 VALUES (NULL, 2, NULL, NULL);
INSERT INTO t6 VALUES (1, 2, 3, NULL);
INSERT INTO t6 VALUES (1, 2, NULL, 4);
SELECT                                          1           +        1;
1           +        1
2
SELECT 1;
1
1
SELECT 1 /* This is an inline comment */ + 1;
1 /* This is an inline comment */ + 1
2
SELECT 1+
/*
this is a
multiple-line comment
*/
1;
1+
/*
this is a
multiple-line comment
*/
1
2
CREATE SCHEMA statements_digest_temp;
DROP SCHEMA statements_digest_temp;
CREATE DATABASE statements_digest_temp;
DROP DATABASE statements_digest_temp;
SELECT 1 FROM no_such_table;
ERROR 42S02: Table 'statements_digest.no_such_table' doesn't exist
CREATE TABLE dup_table (c char(4));
CREATE TABLE dup_table (c char(4));
ERROR 42S01: Table 'dup_table' already exists
DROP TABLE dup_table;
INSERT IGNORE INTO t11 VALUES("MySQL");
Warnings:
Warning	1265	Data truncated for column 'c' at row 1
PREPARE stmt FROM "SELECT * FROM t12";
EXECUTE stmt;
c
EXECUTE stmt;
c
DEALLOCATE PREPARE stmt;
CREATE PROCEDURE p1() BEGIN SELECT * FROM t12; END//
CALL p1();
c
CALL p1();
c
DROP PROCEDURE p1;
CREATE FUNCTION `func`(a INT, b INT) RETURNS int(11) RETURN a+b //
select func(3,4);
func(3,4)
7
select func(13,42);
func(13,42)
55
DROP FUNCTION func;
CREATE TRIGGER trg BEFORE INSERT ON t12 FOR EACH ROW SET @a:=1;
INSERT INTO t12 VALUES ("abc");
INSERT INTO t12 VALUES ("def");
DROP TRIGGER trg;
####################################
# QUERYING PS STATEMENT DIGEST
####################################
SELECT schema_name, digest, digest_text, count_star FROM performance_schema.events_statements_summary_by_digest;
schema_name	digest	digest_text	count_star
statements_digest	97a195c438ced4e82e2ca1f732071eb7	TRUNCATE TABLE `performance_schema` . `events_statements_summary_by_digest` 	1
statements_digest	db23c3d66bc884796eb54b4fa9ff090a	SELECT ? FROM `t1` 	2
statements_digest	218b6475a92f435ff0f00ade513750bf	SELECT ?, ... FROM `t1` 	2
statements_digest	4cbefd1c0b84cebbce855365df960d9b	SELECT ? FROM `t2` 	1
statements_digest	c9f3a81633971cbb4be058c3c401191d	SELECT ?, ... FROM `t2` 	2
statements_digest	fa8b6a08d964b233a67234682275a967	INSERT INTO `t1` VALUES (?) 	2
statements_digest	7e05967d3444f6d8c1462ec875705b46	INSERT INTO `t2` VALUES (?) 	1
statements_digest	219ae92b770ddb8a5910509271b044f7	INSERT INTO `t3` VALUES (...) 	4
statements_digest	e3327a595a12161910eb89a232ba39b4	INSERT INTO `t4` VALUES (...) 	1
statements_digest	92046a1d9b616d8294057c7a8911b40e	INSERT INTO `t5` VALUES (...) 	1
statements_digest	8a74949d2b14bc3408f17c0c3ab0f3cd	INSERT INTO `t1` VALUES (?) /* , ... */ 	2
statements_digest	36a190c868b3ddbbf59f321e47daf075	INSERT INTO `t3` VALUES (...) /* , ... */ 	1
statements_digest	6ab591ee2a6b452b0a8b3802d41c08de	INSERT INTO `t5` VALUES (...) /* , ... */ 	1
statements_digest	3b49825d1a48217038a3f4d106a79269	SELECT * FROM `t1` WHERE `a` IN (...) 	2
statements_digest	55f08195ccf28049daa19ffb09a3e797	INSERT INTO `t6` VALUES (...) 	5
statements_digest	2b81d830f832d2dbbc169aaa196df6af	SELECT ? + ? 	3
statements_digest	12cc3304920bee34f0ac3d11253bfcad	SELECT ? 	1
statements_digest	5d2d948b8f16c773efcee135eb14f538	CREATE SCHEMA `statements_digest_temp` 	2
statements_digest	9bd65cd4dc82baf476559d2dc599b93d	DROP SCHEMA `statements_digest_temp` 	2
statements_digest	db36d5c8910706c6f3ac44f9578de1b7	SELECT ? FROM `no_such_table` 	1
statements_digest	3d41ad4acdba42b22e5fbc280398e913	CREATE TABLE `dup_table` ( `c` CHARACTER (?) ) 	2
statements_digest	f80162eb1a2d754fbf58ed9ca435ee78	DROP TABLE `dup_table` 	1
statements_digest	b342f03452a95c3d2a47b572fa143d56	INSERT IGNORE INTO `t11` VALUES (?) 	1
statements_digest	da499db5d93bc1e6fec0305881715ab0	SHOW WARNINGS 	1
statements_digest	87ac0b4bba3e1e9cc33fa745636dac7f	PREPARE `stmt` FROM ? 	1
statements_digest	e059c815001e490dc25284d2fa295bd4	EXECUTE `stmt` 	2
statements_digest	d71aae35de3c825a393a6350b70aa0da	DEALLOCATE PREPARE `stmt` 	1
statements_digest	0f1904d5453293610d8ec1d26c58b468	CREATE PROCEDURE `p1` ( ) BEGIN SELECT * FROM `t12` ; END 	1
statements_digest	1f46d0e61105ea782b5f184bc2944c66	CALL `p1` ( ) 	2
statements_digest	2c34e1bfd99b48e414a43dc36bab9abc	DROP PROCEDURE `p1` 	1
statements_digest	a38fe76e774b55d2bd73cbba9ddb4e22	CREATE FUNCTION `func` ( `a` INTEGER , `b` INTEGER ) RETURNS INTEGER (?) RETURN `a` + `b` 	1
statements_digest	f086e73d4afa1ca420dfea3f33d70775	SELECT `func` (...) 	2
statements_digest	48fbba32f3799be38ad64a9f7a18d0ac	DROP FUNCTION `func` 	1
statements_digest	a0288feb7bf1a92c765c6b4daacecfed	CREATE TRIGGER `trg` BEFORE INSERT ON `t12` FOR EACH ROW SET @? := ? 	1
statements_digest	d15f7125c442b683eba830c28a68a0ef	INSERT INTO `t12` VALUES (?) 	2
statements_digest	6182a9ced195f7cd4a3c329c8c6b90f1	DROP TRIGGER `trg` 	1
SELECT digest, digest_text FROM performance_schema.events_statements_current;
digest	digest_text
####################################
# CLEANUP
####################################
DROP TABLE IF EXISTS t1;
DROP TABLE IF EXISTS t2;
DROP TABLE IF EXISTS t3;
DROP TABLE IF EXISTS t4;
DROP TABLE IF EXISTS t5;
DROP TABLE IF EXISTS t6;
DROP TABLE IF EXISTS t11;
DROP TABLE IF EXISTS t12;
DROP DATABASE IF EXISTS statements_digest;
