####################################
# SETUP
####################################
CREATE DATABASE statements_digest;
USE statements_digest;
CREATE TABLE t1(a int);
CREATE TABLE t2(a int);
CREATE TABLE t3(a int, b int);
CREATE TABLE t4(a int, b int);
CREATE TABLE t5(a int, b int, c int);
CREATE TABLE t6(a int, b int, c int, d int);
CREATE TABLE t11 (c CHAR(4));
CREATE TABLE t12 (c CHAR(4));
SELECT * FROM performance_schema.setup_consumers;
NAME	ENABLED
events_stages_current	YES
events_stages_history	YES
events_stages_history_long	YES
events_statements_current	NO
events_statements_history	YES
events_statements_history_long	YES
events_transactions_current	YES
events_transactions_history	YES
events_transactions_history_long	YES
events_waits_current	YES
events_waits_history	YES
events_waits_history_long	YES
global_instrumentation	YES
thread_instrumentation	YES
statements_digest	YES
TRUNCATE TABLE performance_schema.events_statements_summary_by_digest;
####################################
# EXECUTION
####################################
SELECT 1 FROM t1;
1
SELECT 1 FROM `t1`;
1
SELECT 1,2 FROM t1;
1	2
SELECT 1, 2, 3, 4 FROM t1;
1	2	3	4
SELECT 1 FROM t2;
1
SELECT 1,2 FROM t2;
1	2
SELECT 1, 2, 3, 4 FROM t2;
1	2	3	4
INSERT INTO t1 VALUES (1);
INSERT INTO t2 VALUES (1);
INSERT INTO t3 VALUES (1, 2);
INSERT INTO t4 VALUES (1, 2);
INSERT INTO t5 VALUES (1, 2, 3);
INSERT INTO t1 VALUES (1), (2), (3);
INSERT INTO t1 VALUES (1), (2), (3), (4);
INSERT INTO t3 VALUES (1, 2), (3, 4), (5, 6);
INSERT INTO t5 VALUES (1, 2, 3), (4, 5, 6), (7, 8, 9);
INSERT INTO t1 VALUES (NULL);
INSERT INTO t3 VALUES (NULL,NULL);
INSERT INTO t3 VALUES (1,NULL);
INSERT INTO t3 VALUES (NULL,1);
INSERT INTO t6 VALUES (NULL, NULL, NULL, NULL);
INSERT INTO t6 VALUES (1, NULL, NULL, NULL);
INSERT INTO t6 VALUES (NULL, 2, NULL, NULL);
INSERT INTO t6 VALUES (1, 2, 3, NULL);
INSERT INTO t6 VALUES (1, 2, NULL, 4);
SELECT                                          1           +        1;
1           +        1
2
SELECT 1;
1
1
SELECT 1 /* This is an inline comment */ + 1;
1 /* This is an inline comment */ + 1
2
SELECT 1+
/*
this is a
multiple-line comment
*/
1;
1+
/*
this is a
multiple-line comment
*/
1
2
CREATE SCHEMA statements_digest_temp;
DROP SCHEMA statements_digest_temp;
CREATE DATABASE statements_digest_temp;
DROP DATABASE statements_digest_temp;
SELECT 1 FROM no_such_table;
ERROR 42S02: Table 'statements_digest.no_such_table' doesn't exist
CREATE TABLE dup_table (c char(4));
CREATE TABLE dup_table (c char(4));
ERROR 42S01: Table 'dup_table' already exists
DROP TABLE dup_table;
INSERT IGNORE INTO t11 VALUES("MySQL");
Warnings:
Warning	1265	Data truncated for column 'c' at row 1
PREPARE stmt FROM "SELECT * FROM t12";
EXECUTE stmt;
c
EXECUTE stmt;
c
DEALLOCATE PREPARE stmt;
CREATE PROCEDURE p1() BEGIN SELECT * FROM t12; END//
CALL p1();
c
CALL p1();
c
DROP PROCEDURE p1;
CREATE FUNCTION `func`(a INT, b INT) RETURNS int(11) RETURN a+b //
select func(3,4);
func(3,4)
7
select func(13,42);
func(13,42)
55
DROP FUNCTION func;
CREATE TRIGGER trg BEFORE INSERT ON t12 FOR EACH ROW SET @a:=1;
INSERT INTO t12 VALUES ("abc");
INSERT INTO t12 VALUES ("def");
DROP TRIGGER trg;
####################################
# QUERYING PS STATEMENT DIGEST
####################################
SELECT schema_name, digest, digest_text, count_star FROM performance_schema.events_statements_summary_by_digest;
schema_name	digest	digest_text	count_star
statements_digest	8b6e9d01b2edd377f2d62d6c9d012a1a	TRUNCATE TABLE performance_schema . events_statements_summary_by_digest 	1
statements_digest	ca4a0c9eb3910fec0b13e8d5d9e0e44f	SELECT ? FROM t1 	1
statements_digest	da09fb08d6f148926a0d4a1eaae5a6ef	SELECT ? FROM `t1` 	1
statements_digest	66f53d0f34ee188ea1695d85b6c73641	SELECT ?, ... FROM t1 	2
statements_digest	8979bcbb88abde56565c46aebc1c2486	SELECT ? FROM t2 	1
statements_digest	a84af8cde9f584051821624e15921414	SELECT ?, ... FROM t2 	2
statements_digest	c63633990ace6dd90ca1581077321862	INSERT INTO t1 VALUES (?) 	1
statements_digest	b583ab189e1a5961a3900d5928fca6ee	INSERT INTO t2 VALUES (?) 	1
statements_digest	1d33589b819e53385bbaaa7a160dbda6	INSERT INTO t3 VALUES (...) 	4
statements_digest	d38085ea07d964e4b73e21001f886fc3	INSERT INTO t4 VALUES (...) 	1
statements_digest	dac570f76f2d2ffc152d792ad50d49bf	INSERT INTO t5 VALUES (...) 	1
statements_digest	af6624ebd5582d721cdd2e7a1a8638ae	INSERT INTO t1 VALUES (?) /* , ... */ 	2
statements_digest	78bbeaef992d9e6b4d3c23de31ab3fa6	INSERT INTO t3 VALUES (...) /* , ... */ 	1
statements_digest	b249681f176f2dc2c00e7cb182292035	INSERT INTO t5 VALUES (...) /* , ... */ 	1
statements_digest	d0f4f8b39d2dda38addd46931d4f4a24	INSERT INTO t1 VALUES ( NULL ) 	1
statements_digest	20cb7ae61f19904d5b20048b943d4ba7	INSERT INTO t6 VALUES (...) 	5
statements_digest	2070052b03b2d75f23d12feb7cf14db8	SELECT ? + ? 	3
statements_digest	ac19ca62acbdacd2f797f8656936cc46	SELECT ? 	1
statements_digest	66b101a5a4f54ea2133504892aebe286	CREATE SCHEMA statements_digest_temp 	2
statements_digest	a0d0e81f34159610efa77abec392d4b2	DROP SCHEMA statements_digest_temp 	2
statements_digest	c7a1ff1983a07777843cf05240f1cefe	SELECT ? FROM no_such_table 	1
statements_digest	296edcd6a9197c1abad31fb52cb02529	CREATE TABLE dup_table ( c CHARACTER (?) ) 	2
statements_digest	19afe675da1d2ae44d8caadc3c3b17b9	DROP TABLE dup_table 	1
statements_digest	1b46665db280e8133e4d0aebbc7457cd	INSERT IGNORE INTO t11 VALUES (?) 	1
statements_digest	d28f5e7a8b7c9ed4ab9e4ab3fcec7fd8	SHOW WARNINGS 	1
statements_digest	72500437ec3d7b97d357ff13a94410c4	PREPARE stmt FROM ? 	1
statements_digest	31fe466395e1cfec6b1fa74eaa54c8d1	EXECUTE stmt 	2
statements_digest	7bb033c31d23a3119185eefadb226539	DEALLOCATE PREPARE stmt 	1
statements_digest	4993033ddd01b01609a3f7abf0db8887	CREATE PROCEDURE p1 ( ) BEGIN SELECT * FROM t12 ; END 	1
statements_digest	4e4c63cb4c560d3c81c87154cfa91bb2	CALL p1 ( ) 	2
statements_digest	284cbcb80a1e44ea2d2ba978739347a7	DROP PROCEDURE p1 	1
statements_digest	265779eb70325b69d5e858abeebfc0ec	CREATE FUNCTION `func` ( a INTEGER , b INTEGER ) RETURNS INTEGER (?) RETURN a + b 	1
statements_digest	a49e48287557ce785b0563299c2c95ef	SELECT func (...) 	2
statements_digest	9ff4201a119720312c232ba7642bd8fa	DROP FUNCTION func 	1
statements_digest	15995bf62756949ebcb6400a549462a4	CREATE TRIGGER trg BEFORE INSERT ON t12 FOR EACH ROW SET @? := ? 	1
statements_digest	4ddad41a8227ea2d68d87062bd2a7529	INSERT INTO t12 VALUES (?) 	2
statements_digest	86f87a3b5fb0498f12898de747e0a86d	DROP TRIGGER trg 	1
SELECT digest, digest_text FROM performance_schema.events_statements_current;
digest	digest_text
####################################
# CLEANUP
####################################
DROP TABLE IF EXISTS t1;
DROP TABLE IF EXISTS t2;
DROP TABLE IF EXISTS t3;
DROP TABLE IF EXISTS t4;
DROP TABLE IF EXISTS t5;
DROP TABLE IF EXISTS t6;
DROP TABLE IF EXISTS t11;
DROP TABLE IF EXISTS t12;
DROP DATABASE IF EXISTS statements_digest;
