####################################
# SETUP
####################################
CREATE DATABASE statements_digest;
USE statements_digest;
CREATE TABLE t1(a int);
CREATE TABLE t2(a int);
CREATE TABLE t3(a int, b int);
CREATE TABLE t4(a int, b int);
CREATE TABLE t5(a int, b int, c int);
CREATE TABLE t6(a int, b int, c int, d int);
CREATE TABLE t11 (c CHAR(4));
CREATE TABLE t12 (c CHAR(4));
SELECT * FROM performance_schema.setup_consumers;
NAME	ENABLED
events_stages_current	YES
events_stages_history	YES
events_stages_history_long	YES
events_statements_current	NO
events_statements_history	YES
events_statements_history_long	YES
events_transactions_current	YES
events_transactions_history	YES
events_transactions_history_long	YES
events_waits_current	YES
events_waits_history	YES
events_waits_history_long	YES
global_instrumentation	YES
thread_instrumentation	YES
statements_digest	YES
TRUNCATE TABLE performance_schema.events_statements_summary_by_digest;
####################################
# EXECUTION
####################################
SELECT 1 FROM t1;
1
SELECT 1 FROM `t1`;
1
SELECT 1,2 FROM t1;
1	2
SELECT 1, 2, 3, 4 FROM t1;
1	2	3	4
SELECT 1 FROM t2;
1
SELECT 1,2 FROM t2;
1	2
SELECT 1, 2, 3, 4 FROM t2;
1	2	3	4
INSERT INTO t1 VALUES (1);
INSERT INTO t2 VALUES (1);
INSERT INTO t3 VALUES (1, 2);
INSERT INTO t4 VALUES (1, 2);
INSERT INTO t5 VALUES (1, 2, 3);
INSERT INTO t1 VALUES (1), (2), (3);
INSERT INTO t1 VALUES (1), (2), (3), (4);
INSERT INTO t3 VALUES (1, 2), (3, 4), (5, 6);
INSERT INTO t5 VALUES (1, 2, 3), (4, 5, 6), (7, 8, 9);
SELECT * FROM t1 WHERE a IN (1);
a
1
1
1
SELECT * FROM t1 WHERE a IN (1, 2, 3);
a
1
1
2
3
1
2
3
INSERT INTO t1 VALUES (NULL);
INSERT INTO t3 VALUES (NULL,NULL);
INSERT INTO t3 VALUES (1,NULL);
INSERT INTO t3 VALUES (NULL,1);
INSERT INTO t6 VALUES (NULL, NULL, NULL, NULL);
INSERT INTO t6 VALUES (1, NULL, NULL, NULL);
INSERT INTO t6 VALUES (NULL, 2, NULL, NULL);
INSERT INTO t6 VALUES (1, 2, 3, NULL);
INSERT INTO t6 VALUES (1, 2, NULL, 4);
SELECT                                          1           +        1;
1           +        1
2
SELECT 1;
1
1
SELECT 1 /* This is an inline comment */ + 1;
1 /* This is an inline comment */ + 1
2
SELECT 1+
/*
this is a
multiple-line comment
*/
1;
1+
/*
this is a
multiple-line comment
*/
1
2
CREATE SCHEMA statements_digest_temp;
DROP SCHEMA statements_digest_temp;
CREATE DATABASE statements_digest_temp;
DROP DATABASE statements_digest_temp;
SELECT 1 FROM no_such_table;
ERROR 42S02: Table 'statements_digest.no_such_table' doesn't exist
CREATE TABLE dup_table (c char(4));
CREATE TABLE dup_table (c char(4));
ERROR 42S01: Table 'dup_table' already exists
DROP TABLE dup_table;
INSERT IGNORE INTO t11 VALUES("MySQL");
Warnings:
Warning	1265	Data truncated for column 'c' at row 1
PREPARE stmt FROM "SELECT * FROM t12";
EXECUTE stmt;
c
EXECUTE stmt;
c
DEALLOCATE PREPARE stmt;
CREATE PROCEDURE p1() BEGIN SELECT * FROM t12; END//
CALL p1();
c
CALL p1();
c
DROP PROCEDURE p1;
CREATE FUNCTION `func`(a INT, b INT) RETURNS int(11) RETURN a+b //
select func(3,4);
func(3,4)
7
select func(13,42);
func(13,42)
55
DROP FUNCTION func;
CREATE TRIGGER trg BEFORE INSERT ON t12 FOR EACH ROW SET @a:=1;
INSERT INTO t12 VALUES ("abc");
INSERT INTO t12 VALUES ("def");
DROP TRIGGER trg;
####################################
# QUERYING PS STATEMENT DIGEST
####################################
SELECT schema_name, digest, digest_text, count_star FROM performance_schema.events_statements_summary_by_digest;
schema_name	digest	digest_text	count_star
statements_digest	552c81306579ac44708d830eb27ad306	TRUNCATE TABLE `performance_schema` . `events_statements_summary_by_digest` 	1
statements_digest	2b70f945499dbc33c8072681eb1ef3db	SELECT ? FROM `t1` 	2
statements_digest	015ffbcf838311694101d4d02823f315	SELECT ?, ... FROM `t1` 	2
statements_digest	24e94060fd53ac4d6a7965864787f1cc	SELECT ? FROM `t2` 	1
statements_digest	09088db201eeff4b57365f89945b32b6	SELECT ?, ... FROM `t2` 	2
statements_digest	f7796304c277193f2b5a609d977f199d	INSERT INTO `t1` VALUES (?) 	2
statements_digest	a493f8e58c9e4976bcca9b3804147878	INSERT INTO `t2` VALUES (?) 	1
statements_digest	54cbf9fddfb5c75bfcfa35064eb14c6f	INSERT INTO `t3` VALUES (...) 	4
statements_digest	5278828282c21013b0d8648cbc2a2bc9	INSERT INTO `t4` VALUES (...) 	1
statements_digest	6da05d4c04471f3e145f87b5ae253e33	INSERT INTO `t5` VALUES (...) 	1
statements_digest	949238256c9b92417c0b51ceba33f4c0	INSERT INTO `t1` VALUES (?) /* , ... */ 	2
statements_digest	2a603bba0937059de6c4ae3aabfe92bd	INSERT INTO `t3` VALUES (...) /* , ... */ 	1
statements_digest	f4bd7b995de57b17a63f005df6217b6d	INSERT INTO `t5` VALUES (...) /* , ... */ 	1
statements_digest	142daf0f15becae62113dc763a5b4a01	SELECT * FROM `t1` WHERE `a` IN (...) 	2
statements_digest	25c3946716624841c443d47e0825d67d	INSERT INTO `t6` VALUES (...) 	5
statements_digest	701e810c51dbe27b16f8e11badfa4505	SELECT ? + ? 	3
statements_digest	f0bb8f3c623c9a4374df2404750d7d03	SELECT ? 	1
statements_digest	a71c5632e3ffafaacda7f697035106fc	CREATE SCHEMA `statements_digest_temp` 	2
statements_digest	37d39d6f3392a63b00160cf327d7dc88	DROP SCHEMA `statements_digest_temp` 	2
statements_digest	9d8ab0ebbba52ed6c8337a8f2605db93	SELECT ? FROM `no_such_table` 	1
statements_digest	4b70df1c72192155b1a71be470b18598	CREATE TABLE `dup_table` ( `c` CHARACTER (?) ) 	2
statements_digest	a45b47623869d25eb6bde73b1c1b93a3	DROP TABLE `dup_table` 	1
statements_digest	b98c48f8a343e941ed67956289a49f08	INSERT IGNORE INTO `t11` VALUES (?) 	1
statements_digest	e4c64055c3e397ec1046c7b64b7a2902	SHOW WARNINGS 	1
statements_digest	0dbc1ead760057409d2bb3aa95e3cd82	PREPARE `stmt` FROM ? 	1
statements_digest	e3c9aca726c19c38a2880c4e9f21b13b	EXECUTE `stmt` 	2
statements_digest	7cf76b74aab79938eaa8d180a1656071	DEALLOCATE PREPARE `stmt` 	1
statements_digest	2536172b5fe635ba462731f952ae0a2d	CREATE PROCEDURE `p1` ( ) BEGIN SELECT * FROM `t12` ; END 	1
statements_digest	f59a08747fd89cd8184525773d67f34e	CALL `p1` ( ) 	2
statements_digest	a30e39d2a61b4a30a376e648d22b1aa6	DROP PROCEDURE `p1` 	1
statements_digest	360456f4ef969cebeb410ad1df1304c2	CREATE FUNCTION `func` ( `a` INTEGER , `b` INTEGER ) RETURNS INTEGER (?) RETURN `a` + `b` 	1
statements_digest	1d32eec84793e63b798c8428f7385d6d	SELECT `func` (...) 	2
statements_digest	5189a4c17a1e4117729b82593c7fc29a	DROP FUNCTION `func` 	1
statements_digest	61cac1ace7a0d0ff93b1e7cbd471fba9	CREATE TRIGGER `trg` BEFORE INSERT ON `t12` FOR EACH ROW SET @? := ? 	1
statements_digest	ee6a7bba737e66f95d3bc733713419db	INSERT INTO `t12` VALUES (?) 	2
statements_digest	42e971eee8f97e32cb9a8c0c89e82fbc	DROP TRIGGER `trg` 	1
SELECT digest, digest_text FROM performance_schema.events_statements_current;
digest	digest_text
####################################
# CLEANUP
####################################
DROP TABLE IF EXISTS t1;
DROP TABLE IF EXISTS t2;
DROP TABLE IF EXISTS t3;
DROP TABLE IF EXISTS t4;
DROP TABLE IF EXISTS t5;
DROP TABLE IF EXISTS t6;
DROP TABLE IF EXISTS t11;
DROP TABLE IF EXISTS t12;
DROP DATABASE IF EXISTS statements_digest;
