SET sql_mode='NO_ENGINE_SUBSTITUTION';
Warnings:
Warning	3090	Changing sql mode 'NO_AUTO_CREATE_USER' is deprecated. It will be removed in a future release.
####################################
# SETUP
####################################
CREATE DATABASE statements_digest;
USE statements_digest;
CREATE TABLE t1(a int);
CREATE TABLE t2(a int);
CREATE TABLE t3(a int, b int);
CREATE TABLE t4(a int, b int);
CREATE TABLE t5(a int, b int, c int);
CREATE TABLE t6(a int, b int, c int, d int);
CREATE TABLE t11 (c CHAR(4));
CREATE TABLE t12 (c CHAR(4));
TRUNCATE TABLE performance_schema.events_statements_summary_by_digest;
####################################
# EXECUTION
####################################
SELECT 1 FROM t1;
1
SELECT 1 FROM `t1`;
1
SELECT 1,2 FROM t1;
1	2
SELECT 1, 2, 3, 4 FROM t1;
1	2	3	4
SELECT 1 FROM t2;
1
SELECT 1,2 FROM t2;
1	2
SELECT 1, 2, 3, 4 FROM t2;
1	2	3	4
INSERT INTO t1 VALUES (1);
INSERT INTO t2 VALUES (1);
INSERT INTO t3 VALUES (1, 2);
INSERT INTO t4 VALUES (1, 2);
INSERT INTO t5 VALUES (1, 2, 3);
INSERT INTO t1 VALUES (1), (2), (3);
INSERT INTO t1 VALUES (1), (2), (3), (4);
INSERT INTO t3 VALUES (1, 2), (3, 4), (5, 6);
INSERT INTO t5 VALUES (1, 2, 3), (4, 5, 6), (7, 8, 9);
SELECT * FROM t1 WHERE a IN (1);
a
1
1
1
SELECT * FROM t1 WHERE a IN (1, 2, 3);
a
1
1
2
3
1
2
3
INSERT INTO t1 VALUES (NULL);
INSERT INTO t3 VALUES (NULL,NULL);
INSERT INTO t3 VALUES (1,NULL);
INSERT INTO t3 VALUES (NULL,1);
INSERT INTO t6 VALUES (NULL, NULL, NULL, NULL);
INSERT INTO t6 VALUES (1, NULL, NULL, NULL);
INSERT INTO t6 VALUES (NULL, 2, NULL, NULL);
INSERT INTO t6 VALUES (1, 2, 3, NULL);
INSERT INTO t6 VALUES (1, 2, NULL, 4);
SELECT                                          1           +        1;
1           +        1
2
SELECT 1;
1
1
SELECT 1 /* This is an inline comment */ + 1;
1 /* This is an inline comment */ + 1
2
SELECT 1+
/*
this is a
multiple-line comment
*/
1;
1+
/*
this is a
multiple-line comment
*/
1
2
CREATE SCHEMA statements_digest_temp;
DROP SCHEMA statements_digest_temp;
CREATE DATABASE statements_digest_temp;
DROP DATABASE statements_digest_temp;
SELECT 1 FROM no_such_table;
ERROR 42S02: Table 'statements_digest.no_such_table' doesn't exist
CREATE TABLE dup_table (c char(4));
CREATE TABLE dup_table (c char(4));
ERROR 42S01: Table 'dup_table' already exists
DROP TABLE dup_table;
INSERT IGNORE INTO t11 VALUES("MySQL");
Warnings:
Warning	1265	Data truncated for column 'c' at row 1
PREPARE stmt FROM "SELECT * FROM t12";
EXECUTE stmt;
c
EXECUTE stmt;
c
DEALLOCATE PREPARE stmt;
CREATE PROCEDURE p1() BEGIN SELECT * FROM t12; END//
CALL p1();
c
CALL p1();
c
DROP PROCEDURE p1;
CREATE FUNCTION `func`(a INT, b INT) RETURNS int(11) RETURN a+b //
select func(3,4);
func(3,4)
7
select func(13,42);
func(13,42)
55
DROP FUNCTION func;
CREATE TRIGGER trg BEFORE INSERT ON t12 FOR EACH ROW SET @a:=1;
INSERT INTO t12 VALUES ("abc");
INSERT INTO t12 VALUES ("def");
DROP TRIGGER trg;
####################################
# QUERYING PS STATEMENT DIGEST
####################################
SELECT SCHEMA_NAME, DIGEST, DIGEST_TEXT, COUNT_STAR, SUM_ROWS_AFFECTED, SUM_WARNINGS,
SUM_ERRORS FROM performance_schema.events_statements_summary_by_digest;
SCHEMA_NAME	DIGEST	DIGEST_TEXT	COUNT_STAR	SUM_ROWS_AFFECTED	SUM_WARNINGS	SUM_ERRORS
statements_digest	a010206fc01933948efaff963fb69bc4	TRUNCATE TABLE `performance_schema` . `events_statements_summary_by_digest` 	1	0	0	0
statements_digest	5186238354e8b49862dc9ddc6771e909	SELECT ? FROM `t1` 	2	0	0	0
statements_digest	a5ec66ca39c89e07269676a640e1202c	SELECT ?, ... FROM `t1` 	2	0	0	0
statements_digest	f0a536524c4c69b8a67190163f69962a	SELECT ? FROM `t2` 	1	0	0	0
statements_digest	57812068e19f0f2810f53fa0005a232b	SELECT ?, ... FROM `t2` 	2	0	0	0
statements_digest	31ae2a46e4121a4aebbae0243cf26321	INSERT INTO `t1` VALUES (?) 	2	2	0	0
statements_digest	b80bb610cd0541f914a315c7e2bdb7e2	INSERT INTO `t2` VALUES (?) 	1	1	0	0
statements_digest	7647928d08052591950165800429e332	INSERT INTO `t3` VALUES (...) 	4	4	0	0
statements_digest	ab40b9cf4b61853981375d7afd92534d	INSERT INTO `t4` VALUES (...) 	1	1	0	0
statements_digest	3ca5af80cb875223cfb25ba24fc78aef	INSERT INTO `t5` VALUES (...) 	1	1	0	0
statements_digest	32263647066340eef86b0ac392e895dc	INSERT INTO `t1` VALUES (?) /* , ... */ 	2	7	0	0
statements_digest	3a757922acee105eae58492838958f58	INSERT INTO `t3` VALUES (...) /* , ... */ 	1	3	0	0
statements_digest	811353ca59d9e88c85ad56118e781541	INSERT INTO `t5` VALUES (...) /* , ... */ 	1	3	0	0
statements_digest	769abc0e75933d62ce75f1cd87d53a37	SELECT * FROM `t1` WHERE `a` IN (...) 	2	0	0	0
statements_digest	5ac8b1cdfe918cedcfccdada059bf7a5	INSERT INTO `t6` VALUES (...) 	5	5	0	0
statements_digest	c7960c0da975fcab25926fa3fad4db74	SELECT ? + ? 	3	0	0	0
statements_digest	46b876e64cd5c41009d91c754921f1d4	SELECT ? 	1	0	0	0
statements_digest	3ddbc11de2c7b300afd476cf04171c57	CREATE SCHEMA `statements_digest_temp` 	2	2	0	0
statements_digest	d3b8078851337632c849ee71b06b1199	DROP SCHEMA `statements_digest_temp` 	2	0	0	0
statements_digest	a9d0234f09f256fabe390b769b1d013b	SELECT ? FROM `no_such_table` 	1	0	0	1
statements_digest	1976a61da5d0e82f7440304f2cf29fde	CREATE TABLE `dup_table` ( `c` CHARACTER (?) ) 	2	0	0	1
statements_digest	cf2868c70293e428bcd8b97df936692c	DROP TABLE `dup_table` 	1	0	0	0
statements_digest	cd59d564a2cd942fd5843741c13decad	INSERT IGNORE INTO `t11` VALUES (?) 	1	1	1	0
statements_digest	772541c10f9960f050d7a71bf5db2679	SHOW WARNINGS 	1	0	0	0
statements_digest	8ec9027834f9f55174d51073c3ed93c6	PREPARE `stmt` FROM ? 	1	0	0	0
statements_digest	b560d556a4246b7cf81cdaa66cf0c1bf	EXECUTE `stmt` 	2	0	0	0
statements_digest	05f66b5b781ba0cf6f83168eb5e14f80	DEALLOCATE PREPARE `stmt` 	1	0	0	0
statements_digest	93b65d8bd7d4bbd7f24d2372b09816dc	CREATE PROCEDURE `p1` ( ) BEGIN SELECT * FROM `t12` ; END 	1	0	0	0
statements_digest	10c3b30ced7f242f4743a236c4b8acfa	CALL `p1` ( ) 	2	0	0	0
statements_digest	6b50a3461e9087da2586968308831d59	DROP PROCEDURE `p1` 	1	0	0	0
statements_digest	765e81b246761be6f203d01150c3cddd	CREATE FUNCTION `func` ( `a` INTEGER , `b` INTEGER ) RETURNS INTEGER (?) RETURN `a` + `b` 	1	0	0	0
statements_digest	a41d314c1cbc80676b8c716407de8c01	SELECT `func` (...) 	2	0	0	0
statements_digest	bbea8e2b7a2592fbdcc91ed89ffa0a35	DROP FUNCTION `func` 	1	0	0	0
statements_digest	8d451a12343d2afd92ac4209f1235d6b	CREATE TRIGGER `trg` BEFORE INSERT ON `t12` FOR EACH ROW SET @? := ? 	1	0	0	0
statements_digest	b902b8eab3d37d64606ed13bc6eb6b09	INSERT INTO `t12` VALUES (?) 	2	2	0	0
statements_digest	fe570d1884cd7545c750a3ebdb60c532	DROP TRIGGER `trg` 	1	0	0	0
####################################
# CLEANUP
####################################
DROP TABLE IF EXISTS t1;
DROP TABLE IF EXISTS t2;
DROP TABLE IF EXISTS t3;
DROP TABLE IF EXISTS t4;
DROP TABLE IF EXISTS t5;
DROP TABLE IF EXISTS t6;
DROP TABLE IF EXISTS t11;
DROP TABLE IF EXISTS t12;
DROP DATABASE IF EXISTS statements_digest;
SET sql_mode=default;
