####################################
# SETUP
####################################
CREATE DATABASE statements_digest;
USE statements_digest;
CREATE TABLE t1(a int);
CREATE TABLE t2(a int);
CREATE TABLE t3(a int, b int);
CREATE TABLE t4(a int, b int);
CREATE TABLE t5(a int, b int, c int);
CREATE TABLE t6(a int, b int, c int, d int);
CREATE TABLE t11 (c CHAR(4));
CREATE TABLE t12 (c CHAR(4));
SELECT * FROM performance_schema.setup_consumers;
NAME	ENABLED
events_stages_current	YES
events_stages_history	YES
events_stages_history_long	YES
events_statements_current	NO
events_statements_history	YES
events_statements_history_long	YES
events_transactions_current	YES
events_transactions_history	YES
events_transactions_history_long	YES
events_waits_current	YES
events_waits_history	YES
events_waits_history_long	YES
global_instrumentation	YES
thread_instrumentation	YES
statements_digest	YES
TRUNCATE TABLE performance_schema.events_statements_summary_by_digest;
####################################
# EXECUTION
####################################
SELECT 1 FROM t1;
1
SELECT 1 FROM `t1`;
1
SELECT 1,2 FROM t1;
1	2
SELECT 1, 2, 3, 4 FROM t1;
1	2	3	4
SELECT 1 FROM t2;
1
SELECT 1,2 FROM t2;
1	2
SELECT 1, 2, 3, 4 FROM t2;
1	2	3	4
INSERT INTO t1 VALUES (1);
INSERT INTO t2 VALUES (1);
INSERT INTO t3 VALUES (1, 2);
INSERT INTO t4 VALUES (1, 2);
INSERT INTO t5 VALUES (1, 2, 3);
INSERT INTO t1 VALUES (1), (2), (3);
INSERT INTO t1 VALUES (1), (2), (3), (4);
INSERT INTO t3 VALUES (1, 2), (3, 4), (5, 6);
INSERT INTO t5 VALUES (1, 2, 3), (4, 5, 6), (7, 8, 9);
INSERT INTO t1 VALUES (NULL);
INSERT INTO t3 VALUES (NULL,NULL);
INSERT INTO t3 VALUES (1,NULL);
INSERT INTO t3 VALUES (NULL,1);
INSERT INTO t6 VALUES (NULL, NULL, NULL, NULL);
INSERT INTO t6 VALUES (1, NULL, NULL, NULL);
INSERT INTO t6 VALUES (NULL, 2, NULL, NULL);
INSERT INTO t6 VALUES (1, 2, 3, NULL);
INSERT INTO t6 VALUES (1, 2, NULL, 4);
SELECT                                          1           +        1;
1           +        1
2
SELECT 1;
1
1
SELECT 1 /* This is an inline comment */ + 1;
1 /* This is an inline comment */ + 1
2
SELECT 1+
/*
this is a
multiple-line comment
*/
1;
1+
/*
this is a
multiple-line comment
*/
1
2
CREATE SCHEMA statements_digest_temp;
DROP SCHEMA statements_digest_temp;
CREATE DATABASE statements_digest_temp;
DROP DATABASE statements_digest_temp;
SELECT 1 FROM no_such_table;
ERROR 42S02: Table 'statements_digest.no_such_table' doesn't exist
CREATE TABLE dup_table (c char(4));
CREATE TABLE dup_table (c char(4));
ERROR 42S01: Table 'dup_table' already exists
DROP TABLE dup_table;
INSERT IGNORE INTO t11 VALUES("MySQL");
Warnings:
Warning	1265	Data truncated for column 'c' at row 1
PREPARE stmt FROM "SELECT * FROM t12";
EXECUTE stmt;
c
EXECUTE stmt;
c
DEALLOCATE PREPARE stmt;
CREATE PROCEDURE p1() BEGIN SELECT * FROM t12; END//
CALL p1();
c
CALL p1();
c
DROP PROCEDURE p1;
CREATE FUNCTION `func`(a INT, b INT) RETURNS int(11) RETURN a+b //
select func(3,4);
func(3,4)
7
select func(13,42);
func(13,42)
55
DROP FUNCTION func;
CREATE TRIGGER trg BEFORE INSERT ON t12 FOR EACH ROW SET @a:=1;
INSERT INTO t12 VALUES ("abc");
INSERT INTO t12 VALUES ("def");
DROP TRIGGER trg;
####################################
# QUERYING PS STATEMENT DIGEST
####################################
SELECT schema_name, digest, digest_text, count_star FROM performance_schema.events_statements_summary_by_digest;
schema_name	digest	digest_text	count_star
statements_digest	92a829ab1b5f8e6e54ad5bbf6d6810c8	TRUNCATE TABLE `performance_schema` . `events_statements_summary_by_digest` 	1
statements_digest	e2571f6c4c66b218ecce182384ea37ec	SELECT ? FROM `t1` 	2
statements_digest	f709bb30bcd5dc17d004f8b8ac5a1829	SELECT ?, ... FROM `t1` 	2
statements_digest	5b0bf3ea2f14e295995d7ac243fb7caa	SELECT ? FROM `t2` 	1
statements_digest	9443bc81928e402c37503ee57e26ad6d	SELECT ?, ... FROM `t2` 	2
statements_digest	cf5edd547c156e12b115e1a5c723efaa	INSERT INTO `t1` VALUES (?) 	2
statements_digest	0fff8bed90eb3fa6f561390969f7fdbd	INSERT INTO `t2` VALUES (?) 	1
statements_digest	37a1a9f02d18bb600d7f4e363920df7a	INSERT INTO `t3` VALUES (...) 	4
statements_digest	972f248e632775874662020dec38dfb0	INSERT INTO `t4` VALUES (...) 	1
statements_digest	541ae2a2a36789546616031df9ce55f5	INSERT INTO `t5` VALUES (...) 	1
statements_digest	061060f7baec26683137c88a913b14db	INSERT INTO `t1` VALUES (?) /* , ... */ 	2
statements_digest	f5a27a2ba4908e086994d24ca8001903	INSERT INTO `t3` VALUES (...) /* , ... */ 	1
statements_digest	1b9a79a15361323dbfb1de3a975c6abf	INSERT INTO `t5` VALUES (...) /* , ... */ 	1
statements_digest	74bb51765f867302121670d33ccce99f	INSERT INTO `t6` VALUES (...) 	5
statements_digest	c7960c0da975fcab25926fa3fad4db74	SELECT ? + ? 	3
statements_digest	46b876e64cd5c41009d91c754921f1d4	SELECT ? 	1
statements_digest	18be0920953fd691160df2c9e9c334c1	CREATE SCHEMA `statements_digest_temp` 	2
statements_digest	b3964452b4c0351e9a88d5a37aa169e0	DROP SCHEMA `statements_digest_temp` 	2
statements_digest	d26356fdc4b1aab357c534a45dde2de4	SELECT ? FROM `no_such_table` 	1
statements_digest	f925a16b0e24a0c65e7351e438e504ff	CREATE TABLE `dup_table` ( `c` CHARACTER (?) ) 	2
statements_digest	243f3d90362d5fa91ba16f094cf220b3	DROP TABLE `dup_table` 	1
statements_digest	8113c2409843400f4af1ae988bca1acf	INSERT IGNORE INTO `t11` VALUES (?) 	1
statements_digest	772541c10f9960f050d7a71bf5db2679	SHOW WARNINGS 	1
statements_digest	9358f94f7e142683f8a70c18e6d4598e	PREPARE `stmt` FROM ? 	1
statements_digest	bbab1832594766dbd4893e34b8d3b38c	EXECUTE `stmt` 	2
statements_digest	5f5b0f87f81b8865dee8f7f3c3ee46f0	DEALLOCATE PREPARE `stmt` 	1
statements_digest	6a1ded8a5b59c3704bc08ab2c8c9e8b1	CREATE PROCEDURE `p1` ( ) BEGIN SELECT * FROM `t12` ; END 	1
statements_digest	568fd390614913e06686ba9e77541ee8	CALL `p1` ( ) 	2
statements_digest	61c539fd8068430b684aa85242ddc6aa	DROP PROCEDURE `p1` 	1
statements_digest	8176fc47c1abdf51ee6c8c67857efcb6	CREATE FUNCTION `func` ( `a` INTEGER , `b` INTEGER ) RETURNS INTEGER (?) RETURN `a` + `b` 	1
statements_digest	15dde009db338f5778589fc8a5c7bb15	SELECT `func` (...) 	2
statements_digest	87325cb5c8ad0597d2d443e6f186b291	DROP FUNCTION `func` 	1
statements_digest	05e6c232fa716074f6b5702112ba8a44	CREATE TRIGGER `trg` BEFORE INSERT ON `t12` FOR EACH ROW SET @? := ? 	1
statements_digest	53d5dbb447a4711b8007af9b230d3060	INSERT INTO `t12` VALUES (?) 	2
statements_digest	0ae9ee42c54fc5ab370d8e25d6bfa6b2	DROP TRIGGER `trg` 	1
SELECT digest, digest_text FROM performance_schema.events_statements_current;
digest	digest_text
####################################
# CLEANUP
####################################
DROP TABLE IF EXISTS t1;
DROP TABLE IF EXISTS t2;
DROP TABLE IF EXISTS t3;
DROP TABLE IF EXISTS t4;
DROP TABLE IF EXISTS t5;
DROP TABLE IF EXISTS t6;
DROP TABLE IF EXISTS t11;
DROP TABLE IF EXISTS t12;
DROP DATABASE IF EXISTS statements_digest;
