####################################
# SETUP
####################################
CREATE DATABASE statements_digest;
USE statements_digest;
CREATE TABLE t1(a int);
CREATE TABLE t2(a int);
CREATE TABLE t3(a int, b int);
CREATE TABLE t4(a int, b int);
CREATE TABLE t5(a int, b int, c int);
CREATE TABLE t6(a int, b int, c int, d int);
CREATE TABLE t11 (c CHAR(4));
CREATE TABLE t12 (c CHAR(4));
SELECT * FROM performance_schema.setup_consumers;
NAME	ENABLED
events_stages_current	YES
events_stages_history	YES
events_stages_history_long	YES
events_statements_current	NO
events_statements_history	YES
events_statements_history_long	YES
events_transactions_current	YES
events_transactions_history	YES
events_transactions_history_long	YES
events_waits_current	YES
events_waits_history	YES
events_waits_history_long	YES
global_instrumentation	YES
thread_instrumentation	YES
statements_digest	YES
TRUNCATE TABLE performance_schema.events_statements_summary_by_digest;
####################################
# EXECUTION
####################################
SELECT 1 FROM t1;
1
SELECT 1 FROM `t1`;
1
SELECT 1,2 FROM t1;
1	2
SELECT 1, 2, 3, 4 FROM t1;
1	2	3	4
SELECT 1 FROM t2;
1
SELECT 1,2 FROM t2;
1	2
SELECT 1, 2, 3, 4 FROM t2;
1	2	3	4
INSERT INTO t1 VALUES (1);
INSERT INTO t2 VALUES (1);
INSERT INTO t3 VALUES (1, 2);
INSERT INTO t4 VALUES (1, 2);
INSERT INTO t5 VALUES (1, 2, 3);
INSERT INTO t1 VALUES (1), (2), (3);
INSERT INTO t1 VALUES (1), (2), (3), (4);
INSERT INTO t3 VALUES (1, 2), (3, 4), (5, 6);
INSERT INTO t5 VALUES (1, 2, 3), (4, 5, 6), (7, 8, 9);
SELECT * FROM t1 WHERE a IN (1);
a
1
1
1
SELECT * FROM t1 WHERE a IN (1, 2, 3);
a
1
1
2
3
1
2
3
INSERT INTO t1 VALUES (NULL);
INSERT INTO t3 VALUES (NULL,NULL);
INSERT INTO t3 VALUES (1,NULL);
INSERT INTO t3 VALUES (NULL,1);
INSERT INTO t6 VALUES (NULL, NULL, NULL, NULL);
INSERT INTO t6 VALUES (1, NULL, NULL, NULL);
INSERT INTO t6 VALUES (NULL, 2, NULL, NULL);
INSERT INTO t6 VALUES (1, 2, 3, NULL);
INSERT INTO t6 VALUES (1, 2, NULL, 4);
SELECT                                          1           +        1;
1           +        1
2
SELECT 1;
1
1
SELECT 1 /* This is an inline comment */ + 1;
1 /* This is an inline comment */ + 1
2
SELECT 1+
/*
this is a
multiple-line comment
*/
1;
1+
/*
this is a
multiple-line comment
*/
1
2
CREATE SCHEMA statements_digest_temp;
DROP SCHEMA statements_digest_temp;
CREATE DATABASE statements_digest_temp;
DROP DATABASE statements_digest_temp;
SELECT 1 FROM no_such_table;
ERROR 42S02: Table 'statements_digest.no_such_table' doesn't exist
CREATE TABLE dup_table (c char(4));
CREATE TABLE dup_table (c char(4));
ERROR 42S01: Table 'dup_table' already exists
DROP TABLE dup_table;
INSERT IGNORE INTO t11 VALUES("MySQL");
Warnings:
Warning	1265	Data truncated for column 'c' at row 1
PREPARE stmt FROM "SELECT * FROM t12";
EXECUTE stmt;
c
EXECUTE stmt;
c
DEALLOCATE PREPARE stmt;
CREATE PROCEDURE p1() BEGIN SELECT * FROM t12; END//
CALL p1();
c
CALL p1();
c
DROP PROCEDURE p1;
CREATE FUNCTION `func`(a INT, b INT) RETURNS int(11) RETURN a+b //
select func(3,4);
func(3,4)
7
select func(13,42);
func(13,42)
55
DROP FUNCTION func;
CREATE TRIGGER trg BEFORE INSERT ON t12 FOR EACH ROW SET @a:=1;
INSERT INTO t12 VALUES ("abc");
INSERT INTO t12 VALUES ("def");
DROP TRIGGER trg;
####################################
# QUERYING PS STATEMENT DIGEST
####################################
SELECT schema_name, digest, digest_text, count_star FROM performance_schema.events_statements_summary_by_digest;
schema_name	digest	digest_text	count_star
statements_digest	24c1145e35e144b5f1babf1e2578f951	TRUNCATE TABLE `performance_schema` . `events_statements_summary_by_digest` 	1
statements_digest	3f17ba6aaea2c4e9ac1e871717bf8119	SELECT ? FROM `t1` 	2
statements_digest	2ebcc6539c5c79b27a33707fbd4d70b0	SELECT ?, ... FROM `t1` 	2
statements_digest	9a303f84fef749ed1aea77e563779800	SELECT ? FROM `t2` 	1
statements_digest	bc458c25be72e6f386b5c646bfd2a4ac	SELECT ?, ... FROM `t2` 	2
statements_digest	b9005b4fdea43a6cf72cd2b335e699ea	INSERT INTO `t1` VALUES (?) 	2
statements_digest	8f7c5e845f0800b95a2a42641557160d	INSERT INTO `t2` VALUES (?) 	1
statements_digest	ecbc7da93c67cbc5365305229c7ec2e3	INSERT INTO `t3` VALUES (...) 	4
statements_digest	8c4f456b82b78a7ded9fe4c1cd0746ae	INSERT INTO `t4` VALUES (...) 	1
statements_digest	9658ecc0e6338ada825778d03ab2e4f4	INSERT INTO `t5` VALUES (...) 	1
statements_digest	3161221119f960bc58959b87b204d6b1	INSERT INTO `t1` VALUES (?) /* , ... */ 	2
statements_digest	cbd1f0d483e16c08dd43532ae1d5d31d	INSERT INTO `t3` VALUES (...) /* , ... */ 	1
statements_digest	ff0a080a6cded20413550b169551974b	INSERT INTO `t5` VALUES (...) /* , ... */ 	1
statements_digest	d62ca36d69874ebaabbbe1df017e8dbf	SELECT * FROM `t1` WHERE `a` IN (...) 	2
statements_digest	e825e616ac411f21edc749bc3fd1738e	INSERT INTO `t6` VALUES (...) 	5
statements_digest	a68073319fe4d0789700d103af61da2d	SELECT ? + ? 	3
statements_digest	00a88eafd653a854963d2e586b243f45	SELECT ? 	1
statements_digest	3aeae35a7cad6d77a59795daa475ec95	CREATE SCHEMA `statements_digest_temp` 	2
statements_digest	853fcddb9ccd2b9bc89b2b9ebb86b63a	DROP SCHEMA `statements_digest_temp` 	2
statements_digest	85dbf00a3509902f0aaf8a78c0b36810	SELECT ? FROM `no_such_table` 	1
statements_digest	59c52c193b1750cc61ec6b2f29a5667e	CREATE TABLE `dup_table` ( `c` CHARACTER (?) ) 	2
statements_digest	78b70f45296531112446edb9c83772d2	DROP TABLE `dup_table` 	1
statements_digest	4a19569615f6c849c09e5ec4ccf79da6	INSERT IGNORE INTO `t11` VALUES (?) 	1
statements_digest	108f8259443d47f742f41e123d6bb55a	SHOW WARNINGS 	1
statements_digest	2a8d0ed044315217484f6f1b7b512cf3	PREPARE `stmt` FROM ? 	1
statements_digest	b5243e9f1b9b0bbcc8cafd6e5acc78f7	EXECUTE `stmt` 	2
statements_digest	1943fb11508045f36626b11b1c2311b4	DEALLOCATE PREPARE `stmt` 	1
statements_digest	25794340d6b31e52b8a65f672acd1a02	CREATE PROCEDURE `p1` ( ) BEGIN SELECT * FROM `t12` ; END 	1
statements_digest	89b975550f7e8236ee7cc9dc1662cd04	CALL `p1` ( ) 	2
statements_digest	c5ab254ec788be45b08ba6f3b41008b4	DROP PROCEDURE `p1` 	1
statements_digest	081e318c5c43bb53bafbd4e2947a70c0	CREATE FUNCTION `func` ( `a` INTEGER , `b` INTEGER ) RETURNS INTEGER (?) RETURN `a` + `b` 	1
statements_digest	35faf163da60b6838d53c6053fc1277f	SELECT `func` (...) 	2
statements_digest	98683f018cbb76cd482f47a48921513c	DROP FUNCTION `func` 	1
statements_digest	6506dd07e3d94947b4e9fac8c2149c77	CREATE TRIGGER `trg` BEFORE INSERT ON `t12` FOR EACH ROW SET @? := ? 	1
statements_digest	d3a495609ac2b1a3bc99847b3ae63aa7	INSERT INTO `t12` VALUES (?) 	2
statements_digest	89d0ee66cf69761c6f24a7e0218673d5	DROP TRIGGER `trg` 	1
SELECT digest, digest_text FROM performance_schema.events_statements_current;
digest	digest_text
####################################
# CLEANUP
####################################
DROP TABLE IF EXISTS t1;
DROP TABLE IF EXISTS t2;
DROP TABLE IF EXISTS t3;
DROP TABLE IF EXISTS t4;
DROP TABLE IF EXISTS t5;
DROP TABLE IF EXISTS t6;
DROP TABLE IF EXISTS t11;
DROP TABLE IF EXISTS t12;
DROP DATABASE IF EXISTS statements_digest;
