####################################
# SETUP
####################################
CREATE DATABASE statements_digest;
USE statements_digest;
CREATE TABLE t1(a int);
CREATE TABLE t2(a int);
CREATE TABLE t3(a int, b int);
CREATE TABLE t4(a int, b int);
CREATE TABLE t5(a int, b int, c int);
CREATE TABLE t6(a int, b int, c int, d int);
CREATE TABLE t11 (c CHAR(4));
CREATE TABLE t12 (c CHAR(4));
SELECT * FROM performance_schema.setup_consumers;
NAME	ENABLED
events_stages_current	YES
events_stages_history	YES
events_stages_history_long	YES
events_statements_current	NO
events_statements_history	YES
events_statements_history_long	YES
events_transactions_current	YES
events_transactions_history	YES
events_transactions_history_long	YES
events_waits_current	YES
events_waits_history	YES
events_waits_history_long	YES
global_instrumentation	YES
thread_instrumentation	YES
statements_digest	YES
TRUNCATE TABLE performance_schema.events_statements_summary_by_digest;
####################################
# EXECUTION
####################################
SELECT 1 FROM t1;
1
SELECT 1 FROM `t1`;
1
SELECT 1,2 FROM t1;
1	2
SELECT 1, 2, 3, 4 FROM t1;
1	2	3	4
SELECT 1 FROM t2;
1
SELECT 1,2 FROM t2;
1	2
SELECT 1, 2, 3, 4 FROM t2;
1	2	3	4
INSERT INTO t1 VALUES (1);
INSERT INTO t2 VALUES (1);
INSERT INTO t3 VALUES (1, 2);
INSERT INTO t4 VALUES (1, 2);
INSERT INTO t5 VALUES (1, 2, 3);
INSERT INTO t1 VALUES (1), (2), (3);
INSERT INTO t1 VALUES (1), (2), (3), (4);
INSERT INTO t3 VALUES (1, 2), (3, 4), (5, 6);
INSERT INTO t5 VALUES (1, 2, 3), (4, 5, 6), (7, 8, 9);
INSERT INTO t1 VALUES (NULL);
INSERT INTO t3 VALUES (NULL,NULL);
INSERT INTO t3 VALUES (1,NULL);
INSERT INTO t3 VALUES (NULL,1);
INSERT INTO t6 VALUES (NULL, NULL, NULL, NULL);
INSERT INTO t6 VALUES (1, NULL, NULL, NULL);
INSERT INTO t6 VALUES (NULL, 2, NULL, NULL);
INSERT INTO t6 VALUES (1, 2, 3, NULL);
INSERT INTO t6 VALUES (1, 2, NULL, 4);
SELECT                                          1           +        1;
1           +        1
2
SELECT 1;
1
1
SELECT 1 /* This is an inline comment */ + 1;
1 /* This is an inline comment */ + 1
2
SELECT 1+
/*
this is a
multiple-line comment
*/
1;
1+
/*
this is a
multiple-line comment
*/
1
2
CREATE SCHEMA statements_digest_temp;
DROP SCHEMA statements_digest_temp;
CREATE DATABASE statements_digest_temp;
DROP DATABASE statements_digest_temp;
SELECT 1 FROM no_such_table;
ERROR 42S02: Table 'statements_digest.no_such_table' doesn't exist
CREATE TABLE dup_table (c char(4));
CREATE TABLE dup_table (c char(4));
ERROR 42S01: Table 'dup_table' already exists
DROP TABLE dup_table;
INSERT IGNORE INTO t11 VALUES("MySQL");
Warnings:
Warning	1265	Data truncated for column 'c' at row 1
PREPARE stmt FROM "SELECT * FROM t12";
EXECUTE stmt;
c
EXECUTE stmt;
c
DEALLOCATE PREPARE stmt;
CREATE PROCEDURE p1() BEGIN SELECT * FROM t12; END//
CALL p1();
c
CALL p1();
c
DROP PROCEDURE p1;
CREATE FUNCTION `func`(a INT, b INT) RETURNS int(11) RETURN a+b //
select func(3,4);
func(3,4)
7
select func(13,42);
func(13,42)
55
DROP FUNCTION func;
CREATE TRIGGER trg BEFORE INSERT ON t12 FOR EACH ROW SET @a:=1;
INSERT INTO t12 VALUES ("abc");
INSERT INTO t12 VALUES ("def");
DROP TRIGGER trg;
####################################
# QUERYING PS STATEMENT DIGEST
####################################
SELECT schema_name, digest, digest_text, count_star FROM performance_schema.events_statements_summary_by_digest;
schema_name	digest	digest_text	count_star
statements_digest	cee56a09297cff56f9c41fb21e55dd9c	TRUNCATE TABLE performance_schema . events_statements_summary_by_digest 	1
statements_digest	f64fc08cdff000409b963503ce18e868	SELECT ? FROM t1 	1
statements_digest	9024c81e5ee2a11e64e40daa35e77ec6	SELECT ? FROM `t1` 	1
statements_digest	a04c65b179d77a3fc5f1296e1ffccac6	SELECT ?, ... FROM t1 	2
statements_digest	e071e3b7751455f97b3d7b673ed8d1ea	SELECT ? FROM t2 	1
statements_digest	2d2f90edbfe1f5c2d36bdfa60663f337	SELECT ?, ... FROM t2 	2
statements_digest	c2dc41d667463849e8a024747d687fea	INSERT INTO t1 VALUES (?) 	1
statements_digest	e0da9a533e512045c3e19db7bd5102b9	INSERT INTO t2 VALUES (?) 	1
statements_digest	803477c933a98ddd7042bac21404aa8b	INSERT INTO t3 VALUES (...) 	4
statements_digest	982b28111e0809aad6fc245d448bb4f6	INSERT INTO t4 VALUES (...) 	1
statements_digest	634344cef8183908c996a2e23ae9a413	INSERT INTO t5 VALUES (...) 	1
statements_digest	c0974a66c9fa85456003ebbed9257e43	INSERT INTO t1 VALUES (?) /* , ... */ 	2
statements_digest	aa2cabf8293a35b26a967154f1e8052b	INSERT INTO t3 VALUES (...) /* , ... */ 	1
statements_digest	c483677b48f4a3d446b9d9d0b7b65787	INSERT INTO t5 VALUES (...) /* , ... */ 	1
statements_digest	c319006416fa1e4f9ccbe5583787d13c	INSERT INTO t1 VALUES ( NULL ) 	1
statements_digest	e0407abf21e58ceaa64b041b36e3776a	INSERT INTO t6 VALUES (...) 	5
statements_digest	65ff6f73f2428ec5f312df78d6db7ae3	SELECT ? + ? 	3
statements_digest	9767cf5f304842ffed35070967f29f34	SELECT ? 	1
statements_digest	c8cc3158584fa42c43f42331853f74d3	CREATE SCHEMA statements_digest_temp 	2
statements_digest	240f463863fa8ae53b94a46ed6fd19be	DROP SCHEMA statements_digest_temp 	2
statements_digest	1b5303527fe834fa96dde940a5917228	SELECT ? FROM no_such_table 	1
statements_digest	6335cf5c1371cf160560733890221c71	CREATE TABLE dup_table ( c CHARACTER (?) ) 	2
statements_digest	bdcac0719e5ff9c1c44b602b0dba0873	DROP TABLE dup_table 	1
statements_digest	3c8e63ad8c8ecd71191db5c966389d77	INSERT IGNORE INTO t11 VALUES (?) 	1
statements_digest	196c9f451360b5e24e03aa82f86006ae	SHOW WARNINGS 	1
statements_digest	31181b6fb60cf6487061fd83f76c3944	PREPARE stmt FROM ? 	1
statements_digest	2324acea1f673c8d6ba192da6ef1f4e2	EXECUTE stmt 	2
statements_digest	f0949d82e9fc73c3b87c85d45113cc1f	DEALLOCATE PREPARE stmt 	1
statements_digest	69d80a70ea4ee717ab7a90360496fa9e	CREATE PROCEDURE p1 ( ) BEGIN SELECT * FROM t12 ; END 	1
statements_digest	d455ef781ad1ed5f0fca5f9ad269e4e8	CALL p1 ( ) 	2
statements_digest	2c1a60f27734445818cb921e5d7ced0f	DROP PROCEDURE p1 	1
statements_digest	0d837c20c6e3c0e7579a8f4e18bb93d4	CREATE FUNCTION `func` ( a INTEGER , b INTEGER ) RETURNS INTEGER (?) RETURN a + b 	1
statements_digest	1b8a25b0319da6a8183882f996372deb	SELECT func (...) 	2
statements_digest	68e2c848ec3fee55900d51d065edfb1c	DROP FUNCTION func 	1
statements_digest	4a1eabb63b28135fb9a61338a601da1b	CREATE TRIGGER trg BEFORE INSERT ON t12 FOR EACH ROW SET @? := ? 	1
statements_digest	5854968dd211a3a69ab7bf62a0134f19	INSERT INTO t12 VALUES (?) 	2
statements_digest	ad8639b9c89bb1faeda34adedaba7a96	DROP TRIGGER trg 	1
SELECT digest, digest_text FROM performance_schema.events_statements_current;
digest	digest_text
####################################
# CLEANUP
####################################
DROP TABLE IF EXISTS t1;
DROP TABLE IF EXISTS t2;
DROP TABLE IF EXISTS t3;
DROP TABLE IF EXISTS t4;
DROP TABLE IF EXISTS t5;
DROP TABLE IF EXISTS t6;
DROP TABLE IF EXISTS t11;
DROP TABLE IF EXISTS t12;
DROP DATABASE IF EXISTS statements_digest;
