SET sql_mode='NO_ENGINE_SUBSTITUTION';
Warnings:
Warning	3090	Changing sql mode 'NO_AUTO_CREATE_USER' is deprecated. It will be removed in a future release.
####################################
# SETUP
####################################
CREATE DATABASE statements_digest;
USE statements_digest;
CREATE TABLE t1(a int);
CREATE TABLE t2(a int);
CREATE TABLE t3(a int, b int);
CREATE TABLE t4(a int, b int);
CREATE TABLE t5(a int, b int, c int);
CREATE TABLE t6(a int, b int, c int, d int);
CREATE TABLE t11 (c CHAR(4));
CREATE TABLE t12 (c CHAR(4));
TRUNCATE TABLE performance_schema.events_statements_summary_by_digest;
####################################
# EXECUTION
####################################
SELECT 1 FROM t1;
1
SELECT 1 FROM `t1`;
1
SELECT 1,2 FROM t1;
1	2
SELECT 1, 2, 3, 4 FROM t1;
1	2	3	4
SELECT 1 FROM t2;
1
SELECT 1,2 FROM t2;
1	2
SELECT 1, 2, 3, 4 FROM t2;
1	2	3	4
INSERT INTO t1 VALUES (1);
INSERT INTO t2 VALUES (1);
INSERT INTO t3 VALUES (1, 2);
INSERT INTO t4 VALUES (1, 2);
INSERT INTO t5 VALUES (1, 2, 3);
INSERT INTO t1 VALUES (1), (2), (3);
INSERT INTO t1 VALUES (1), (2), (3), (4);
INSERT INTO t3 VALUES (1, 2), (3, 4), (5, 6);
INSERT INTO t5 VALUES (1, 2, 3), (4, 5, 6), (7, 8, 9);
INSERT INTO t1 VALUES (NULL);
INSERT INTO t3 VALUES (NULL,NULL);
INSERT INTO t3 VALUES (1,NULL);
INSERT INTO t3 VALUES (NULL,1);
INSERT INTO t6 VALUES (NULL, NULL, NULL, NULL);
INSERT INTO t6 VALUES (1, NULL, NULL, NULL);
INSERT INTO t6 VALUES (NULL, 2, NULL, NULL);
INSERT INTO t6 VALUES (1, 2, 3, NULL);
INSERT INTO t6 VALUES (1, 2, NULL, 4);
SELECT                                          1           +        1;
1           +        1
2
SELECT 1;
1
1
SELECT 1 /* This is an inline comment */ + 1;
1 /* This is an inline comment */ + 1
2
SELECT 1+
/*
this is a
multiple-line comment
*/
1;
1+
/*
this is a
multiple-line comment
*/
1
2
CREATE SCHEMA statements_digest_temp;
DROP SCHEMA statements_digest_temp;
CREATE DATABASE statements_digest_temp;
DROP DATABASE statements_digest_temp;
SELECT 1 FROM no_such_table;
ERROR 42S02: Table 'statements_digest.no_such_table' doesn't exist
CREATE TABLE dup_table (c char(4));
CREATE TABLE dup_table (c char(4));
ERROR 42S01: Table 'dup_table' already exists
DROP TABLE dup_table;
INSERT IGNORE INTO t11 VALUES("MySQL");
Warnings:
Warning	1265	Data truncated for column 'c' at row 1
PREPARE stmt FROM "SELECT * FROM t12";
EXECUTE stmt;
c
EXECUTE stmt;
c
DEALLOCATE PREPARE stmt;
CREATE PROCEDURE p1() BEGIN SELECT * FROM t12; END//
CALL p1();
c
CALL p1();
c
DROP PROCEDURE p1;
CREATE FUNCTION `func`(a INT, b INT) RETURNS int(11) RETURN a+b //
select func(3,4);
func(3,4)
7
select func(13,42);
func(13,42)
55
DROP FUNCTION func;
CREATE TRIGGER trg BEFORE INSERT ON t12 FOR EACH ROW SET @a:=1;
INSERT INTO t12 VALUES ("abc");
INSERT INTO t12 VALUES ("def");
DROP TRIGGER trg;
####################################
# QUERYING PS STATEMENT DIGEST
####################################
SELECT SCHEMA_NAME, DIGEST, DIGEST_TEXT, COUNT_STAR, SUM_ROWS_AFFECTED, SUM_WARNINGS,
SUM_ERRORS FROM performance_schema.events_statements_summary_by_digest;
SCHEMA_NAME	DIGEST	DIGEST_TEXT	COUNT_STAR	SUM_ROWS_AFFECTED	SUM_WARNINGS	SUM_ERRORS
statements_digest	e5fcf67e7360d26f676707053a84d012	TRUNCATE TABLE `performance_schema` . `events_statements_summary_by_digest` 	1	0	0	0
statements_digest	70914c19bbe3ba67664da1457a6e338d	SELECT ? FROM `t1` 	2	0	0	0
statements_digest	b85805b67df79aea8ba77a372add2926	SELECT ?, ... FROM `t1` 	2	0	0	0
statements_digest	964d8531ec96cb70b513cda5327303d7	SELECT ? FROM `t2` 	1	0	0	0
statements_digest	6672103bb88a49fe0f8c7f7455ba5f02	SELECT ?, ... FROM `t2` 	2	0	0	0
statements_digest	3505035fa603f4d1d5374715b6c51f48	INSERT INTO `t1` VALUES (?) 	2	2	0	0
statements_digest	ff25ae20d13bf0124f8adaac52dffc32	INSERT INTO `t2` VALUES (?) 	1	1	0	0
statements_digest	36a3c0762ef1b2698d04268d13d61bf4	INSERT INTO `t3` VALUES (...) 	4	4	0	0
statements_digest	c256ba2083a7681c0df9f96192ef3caf	INSERT INTO `t4` VALUES (...) 	1	1	0	0
statements_digest	54fddc0587d4697a24706bba8cc08fb3	INSERT INTO `t5` VALUES (...) 	1	1	0	0
statements_digest	13c5d914a56e9be0c7d84e97031860d9	INSERT INTO `t1` VALUES (?) /* , ... */ 	2	7	0	0
statements_digest	1f85647c2d20673f80449b68e51deb32	INSERT INTO `t3` VALUES (...) /* , ... */ 	1	3	0	0
statements_digest	ee2288d1a5487ac4546f04652480ba46	INSERT INTO `t5` VALUES (...) /* , ... */ 	1	3	0	0
statements_digest	8197e881d37da95319fba8c80bdb201e	INSERT INTO `t6` VALUES (...) 	5	5	0	0
statements_digest	dea9714a77d79492126c6472cb789c44	SELECT ? + ? 	3	0	0	0
statements_digest	0eb25c8ba4a449cbca9b36c9378b5232	SELECT ? 	1	0	0	0
statements_digest	3ddbc11de2c7b300afd476cf04171c57	CREATE SCHEMA `statements_digest_temp` 	2	2	0	0
statements_digest	d3b8078851337632c849ee71b06b1199	DROP SCHEMA `statements_digest_temp` 	2	0	0	0
statements_digest	40855257b53917ba686d4dfa104ac12e	SELECT ? FROM `no_such_table` 	1	0	0	1
statements_digest	ab6881bd0416ae967feb3b61008f967a	CREATE TABLE `dup_table` ( `c` CHARACTER (?) ) 	2	0	0	1
statements_digest	deb6ce40a316b3dab47e06440cfb9d42	DROP TABLE `dup_table` 	1	0	0	0
statements_digest	af6a92141477006db9dd643fe764c663	INSERT IGNORE INTO `t11` VALUES (?) 	1	1	1	0
statements_digest	e4c64055c3e397ec1046c7b64b7a2902	SHOW WARNINGS 	1	0	0	0
statements_digest	6b67bea84a552be5b6ca6ec62e3c7641	PREPARE `stmt` FROM ? 	1	0	0	0
statements_digest	b560d556a4246b7cf81cdaa66cf0c1bf	EXECUTE `stmt` 	2	0	0	0
statements_digest	d5b8ebc4fbf21cef9ef3a5da4263c084	DEALLOCATE PREPARE `stmt` 	1	0	0	0
statements_digest	aa8e3644c43100f287faf0cb28ffa3a6	CREATE PROCEDURE `p1` ( ) BEGIN SELECT * FROM `t12` ; END 	1	0	0	0
statements_digest	10c3b30ced7f242f4743a236c4b8acfa	CALL `p1` ( ) 	2	0	0	0
statements_digest	f19ad6b7e44cd6472aff79e9ebdbaa08	DROP PROCEDURE `p1` 	1	0	0	0
statements_digest	3eb8f208532bd025196917ed00dbbaa4	CREATE FUNCTION `func` ( `a` INTEGER , `b` INTEGER ) RETURNS INTEGER (?) RETURN `a` + `b` 	1	0	0	0
statements_digest	e2673e4d315148545e1434bcfb49be12	SELECT `func` (...) 	2	0	0	0
statements_digest	bbea8e2b7a2592fbdcc91ed89ffa0a35	DROP FUNCTION `func` 	1	0	0	0
statements_digest	c73cd32ceb4fc0f8f43c97c2479e48af	CREATE TRIGGER `trg` BEFORE INSERT ON `t12` FOR EACH ROW SET @? := ? 	1	0	0	0
statements_digest	2436980d538dd725d33f80fd47cf89b9	INSERT INTO `t12` VALUES (?) 	2	2	0	0
statements_digest	ae593c2dea09f9ae0dac1489472d04b7	DROP TRIGGER `trg` 	1	0	0	0
####################################
# CLEANUP
####################################
DROP TABLE IF EXISTS t1;
DROP TABLE IF EXISTS t2;
DROP TABLE IF EXISTS t3;
DROP TABLE IF EXISTS t4;
DROP TABLE IF EXISTS t5;
DROP TABLE IF EXISTS t6;
DROP TABLE IF EXISTS t11;
DROP TABLE IF EXISTS t12;
DROP DATABASE IF EXISTS statements_digest;
SET sql_mode=default;
