####################################
# SETUP
####################################
CREATE DATABASE statements_digest;
USE statements_digest;
CREATE TABLE t1(a int);
CREATE TABLE t2(a int);
CREATE TABLE t3(a int, b int);
CREATE TABLE t4(a int, b int);
CREATE TABLE t5(a int, b int, c int);
CREATE TABLE t6(a int, b int, c int, d int);
CREATE TABLE t11 (c CHAR(4));
CREATE TABLE t12 (c CHAR(4));
TRUNCATE TABLE performance_schema.events_statements_summary_by_digest;
####################################
# EXECUTION
####################################
SELECT 1 FROM t1;
1
SELECT 1 FROM `t1`;
1
SELECT 1,2 FROM t1;
1	2
SELECT 1, 2, 3, 4 FROM t1;
1	2	3	4
SELECT 1 FROM t2;
1
SELECT 1,2 FROM t2;
1	2
SELECT 1, 2, 3, 4 FROM t2;
1	2	3	4
INSERT INTO t1 VALUES (1);
INSERT INTO t2 VALUES (1);
INSERT INTO t3 VALUES (1, 2);
INSERT INTO t4 VALUES (1, 2);
INSERT INTO t5 VALUES (1, 2, 3);
INSERT INTO t1 VALUES (1), (2), (3);
INSERT INTO t1 VALUES (1), (2), (3), (4);
INSERT INTO t3 VALUES (1, 2), (3, 4), (5, 6);
INSERT INTO t5 VALUES (1, 2, 3), (4, 5, 6), (7, 8, 9);
INSERT INTO t1 VALUES (NULL);
INSERT INTO t3 VALUES (NULL,NULL);
INSERT INTO t3 VALUES (1,NULL);
INSERT INTO t3 VALUES (NULL,1);
INSERT INTO t6 VALUES (NULL, NULL, NULL, NULL);
INSERT INTO t6 VALUES (1, NULL, NULL, NULL);
INSERT INTO t6 VALUES (NULL, 2, NULL, NULL);
INSERT INTO t6 VALUES (1, 2, 3, NULL);
INSERT INTO t6 VALUES (1, 2, NULL, 4);
SELECT                                          1           +        1;
1           +        1
2
SELECT 1;
1
1
SELECT 1 /* This is an inline comment */ + 1;
1 /* This is an inline comment */ + 1
2
SELECT 1+
/*
this is a
multiple-line comment
*/
1;
1+
/*
this is a
multiple-line comment
*/
1
2
CREATE SCHEMA statements_digest_temp;
DROP SCHEMA statements_digest_temp;
CREATE DATABASE statements_digest_temp;
DROP DATABASE statements_digest_temp;
SELECT 1 FROM no_such_table;
ERROR 42S02: Table 'statements_digest.no_such_table' doesn't exist
CREATE TABLE dup_table (c char(4));
CREATE TABLE dup_table (c char(4));
ERROR 42S01: Table 'dup_table' already exists
DROP TABLE dup_table;
INSERT INTO t11 VALUES("MySQL");
Warnings:
Warning	1265	Data truncated for column 'c' at row 1
PREPARE stmt FROM "SELECT * FROM t12";
EXECUTE stmt;
c
EXECUTE stmt;
c
DEALLOCATE PREPARE stmt;
CREATE PROCEDURE p1() BEGIN SELECT * FROM t12; END//
CALL p1();
c
CALL p1();
c
DROP PROCEDURE p1;
CREATE FUNCTION `func`(a INT, b INT) RETURNS int(11) RETURN a+b //
select func(3,4);
func(3,4)
7
select func(13,42);
func(13,42)
55
DROP FUNCTION func;
CREATE TRIGGER trg BEFORE INSERT ON t12 FOR EACH ROW SET @a:=1;
INSERT INTO t12 VALUES ("abc");
INSERT INTO t12 VALUES ("def");
DROP TRIGGER trg;
####################################
# QUERYING PS STATEMENT DIGEST
####################################
SELECT SCHEMA_NAME, DIGEST, DIGEST_TEXT, COUNT_STAR, SUM_ROWS_AFFECTED, SUM_WARNINGS,
SUM_ERRORS FROM performance_schema.events_statements_summary_by_digest;
SCHEMA_NAME	DIGEST	DIGEST_TEXT	COUNT_STAR	SUM_ROWS_AFFECTED	SUM_WARNINGS	SUM_ERRORS
statements_digest	13612ddfac096a0d8fc84dfca6298585	TRUNCATE TABLE performance_schema . events_statements_summary_by_digest 	1	0	0	0
statements_digest	66f53d0f34ee188ea1695d85b6c73641	SELECT ? FROM t1 	1	0	0	0
statements_digest	17097bdc7dba9b126075fe37c6b406be	SELECT ? FROM `t1` 	1	0	0	0
statements_digest	3cea203dda8c93ef21e0acf92fa351c2	SELECT ?, ... FROM t1 	2	0	0	0
statements_digest	a84af8cde9f584051821624e15921414	SELECT ? FROM t2 	1	0	0	0
statements_digest	39163a104203979b74b9a6952cc876cc	SELECT ?, ... FROM t2 	2	0	0	0
statements_digest	6710dd378c2a52446a5deb86b80c9f6f	INSERT INTO t1 VALUES (?) 	1	1	0	0
statements_digest	4159165c8ae6d10d806548719e8ff500	INSERT INTO t2 VALUES (?) 	1	1	0	0
statements_digest	5a72323b955675b0bc21fce2e7eed1cd	INSERT INTO t3 VALUES (...) 	4	4	0	0
statements_digest	69c5c0d84f60e87bf85f0ed50f584120	INSERT INTO t4 VALUES (...) 	1	1	0	0
statements_digest	cc859114b136eeee948fc5e48f644da3	INSERT INTO t5 VALUES (...) 	1	1	0	0
statements_digest	7241727a9d72bf3c45c5f06c1a1af11f	INSERT INTO t1 VALUES (?) /* , ... */ 	2	7	0	0
statements_digest	2a8cb993ddadf0458f3a612cbf7a926e	INSERT INTO t3 VALUES (...) /* , ... */ 	1	3	0	0
statements_digest	df447cf0d5519aecbf39525ae26ab667	INSERT INTO t5 VALUES (...) /* , ... */ 	1	3	0	0
statements_digest	c3016c49a3731225633cda65aa4a7413	INSERT INTO t1 VALUES ( NULL ) 	1	1	0	0
statements_digest	b344cca7615fbacb3d2e3b673234a5ef	INSERT INTO t6 VALUES (...) 	5	5	0	0
statements_digest	6b8d1ccb722aa9d1b1626087df7e8c75	SELECT ? + ? 	3	0	0	0
statements_digest	7008434d63e1beb77ddff08d04277941	SELECT ? 	1	0	0	0
statements_digest	66b101a5a4f54ea2133504892aebe286	CREATE SCHEMA statements_digest_temp 	2	2	0	0
statements_digest	a0d0e81f34159610efa77abec392d4b2	DROP SCHEMA statements_digest_temp 	2	0	0	0
statements_digest	5a1d3b8737c14a91b90d116ee44907f9	SELECT ? FROM no_such_table 	1	0	0	1
statements_digest	a7cd54d66b9ef3c7b62a641237fcb6b8	CREATE TABLE dup_table ( c CHARACTER (?) ) 	2	0	0	1
statements_digest	6ff346135c511edc9fdc47ba2a619444	DROP TABLE dup_table 	1	0	0	0
statements_digest	f076085fcc439c80695b28596480939a	INSERT INTO t11 VALUES (?) 	1	1	1	0
statements_digest	32a06bfa93118f6a2f6c9559e344d9f9	SHOW WARNINGS 	1	0	0	0
statements_digest	9b979fa51532d220be76bfb8d9443b17	PREPARE stmt FROM ? 	1	0	0	0
statements_digest	31fe466395e1cfec6b1fa74eaa54c8d1	EXECUTE stmt 	2	0	0	0
statements_digest	7bb033c31d23a3119185eefadb226539	DEALLOCATE PREPARE stmt 	1	0	0	0
statements_digest	4993033ddd01b01609a3f7abf0db8887	CREATE PROCEDURE p1 ( ) BEGIN SELECT * FROM t12 ; END 	1	0	0	0
statements_digest	4e4c63cb4c560d3c81c87154cfa91bb2	CALL p1 ( ) 	2	0	0	0
statements_digest	284cbcb80a1e44ea2d2ba978739347a7	DROP PROCEDURE p1 	1	0	0	0
statements_digest	35a33fc517706943cdb8f9df0a55527f	CREATE FUNCTION `func` ( a INTEGER , b INTEGER ) RETURNS INTEGER (?) RETURN a + b 	1	0	0	0
statements_digest	5abfca98d895342bd5aec36d6eb4301e	SELECT func (...) 	2	0	0	0
statements_digest	9ff4201a119720312c232ba7642bd8fa	DROP FUNCTION func 	1	0	0	0
statements_digest	030479c23aa1dd420b56618d525857cc	CREATE TRIGGER trg BEFORE INSERT ON t12 FOR EACH ROW SET @? := ? 	1	0	0	0
statements_digest	df095d08161992400773b02d97b0fc5b	INSERT INTO t12 VALUES (?) 	2	2	0	0
statements_digest	29365103cffb96418bc561bf1bcc9b74	DROP TRIGGER trg 	1	0	0	0
####################################
# CLEANUP
####################################
DROP TABLE IF EXISTS t1;
DROP TABLE IF EXISTS t2;
DROP TABLE IF EXISTS t3;
DROP TABLE IF EXISTS t4;
DROP TABLE IF EXISTS t5;
DROP TABLE IF EXISTS t6;
DROP TABLE IF EXISTS t11;
DROP TABLE IF EXISTS t12;
DROP DATABASE IF EXISTS statements_digest;
