SET sql_mode='NO_ENGINE_SUBSTITUTION';
Warnings:
Warning	3090	Changing sql mode 'NO_AUTO_CREATE_USER' is deprecated. It will be removed in a future release.
####################################
# SETUP
####################################
CREATE DATABASE statements_digest;
USE statements_digest;
CREATE TABLE t1(a int);
CREATE TABLE t2(a int);
CREATE TABLE t3(a int, b int);
CREATE TABLE t4(a int, b int);
CREATE TABLE t5(a int, b int, c int);
CREATE TABLE t6(a int, b int, c int, d int);
CREATE TABLE t11 (c CHAR(4));
CREATE TABLE t12 (c CHAR(4));
TRUNCATE TABLE performance_schema.events_statements_summary_by_digest;
####################################
# EXECUTION
####################################
SELECT 1 FROM t1;
1
SELECT 1 FROM `t1`;
1
SELECT 1,2 FROM t1;
1	2
SELECT 1, 2, 3, 4 FROM t1;
1	2	3	4
SELECT 1 FROM t2;
1
SELECT 1,2 FROM t2;
1	2
SELECT 1, 2, 3, 4 FROM t2;
1	2	3	4
INSERT INTO t1 VALUES (1);
INSERT INTO t2 VALUES (1);
INSERT INTO t3 VALUES (1, 2);
INSERT INTO t4 VALUES (1, 2);
INSERT INTO t5 VALUES (1, 2, 3);
INSERT INTO t1 VALUES (1), (2), (3);
INSERT INTO t1 VALUES (1), (2), (3), (4);
INSERT INTO t3 VALUES (1, 2), (3, 4), (5, 6);
INSERT INTO t5 VALUES (1, 2, 3), (4, 5, 6), (7, 8, 9);
SELECT * FROM t1 WHERE a IN (1);
a
1
1
1
SELECT * FROM t1 WHERE a IN (1, 2, 3);
a
1
1
2
3
1
2
3
INSERT INTO t1 VALUES (NULL);
INSERT INTO t3 VALUES (NULL,NULL);
INSERT INTO t3 VALUES (1,NULL);
INSERT INTO t3 VALUES (NULL,1);
INSERT INTO t6 VALUES (NULL, NULL, NULL, NULL);
INSERT INTO t6 VALUES (1, NULL, NULL, NULL);
INSERT INTO t6 VALUES (NULL, 2, NULL, NULL);
INSERT INTO t6 VALUES (1, 2, 3, NULL);
INSERT INTO t6 VALUES (1, 2, NULL, 4);
SELECT                                          1           +        1;
1           +        1
2
SELECT 1;
1
1
SELECT 1 /* This is an inline comment */ + 1;
1 /* This is an inline comment */ + 1
2
SELECT 1+
/*
this is a
multiple-line comment
*/
1;
1+
/*
this is a
multiple-line comment
*/
1
2
CREATE SCHEMA statements_digest_temp;
DROP SCHEMA statements_digest_temp;
CREATE DATABASE statements_digest_temp;
DROP DATABASE statements_digest_temp;
SELECT 1 FROM no_such_table;
ERROR 42S02: Table 'statements_digest.no_such_table' doesn't exist
CREATE TABLE dup_table (c char(4));
CREATE TABLE dup_table (c char(4));
ERROR 42S01: Table 'dup_table' already exists
DROP TABLE dup_table;
INSERT IGNORE INTO t11 VALUES("MySQL");
Warnings:
Warning	1265	Data truncated for column 'c' at row 1
PREPARE stmt FROM "SELECT * FROM t12";
EXECUTE stmt;
c
EXECUTE stmt;
c
DEALLOCATE PREPARE stmt;
CREATE PROCEDURE p1() BEGIN SELECT * FROM t12; END//
CALL p1();
c
CALL p1();
c
DROP PROCEDURE p1;
CREATE FUNCTION `func`(a INT, b INT) RETURNS int(11) RETURN a+b //
select func(3,4);
func(3,4)
7
select func(13,42);
func(13,42)
55
DROP FUNCTION func;
CREATE TRIGGER trg BEFORE INSERT ON t12 FOR EACH ROW SET @a:=1;
INSERT INTO t12 VALUES ("abc");
INSERT INTO t12 VALUES ("def");
DROP TRIGGER trg;
####################################
# QUERYING PS STATEMENT DIGEST
####################################
SELECT SCHEMA_NAME, DIGEST, DIGEST_TEXT, COUNT_STAR, SUM_ROWS_AFFECTED, SUM_WARNINGS,
SUM_ERRORS FROM performance_schema.events_statements_summary_by_digest;
SCHEMA_NAME	DIGEST	DIGEST_TEXT	COUNT_STAR	SUM_ROWS_AFFECTED	SUM_WARNINGS	SUM_ERRORS
statements_digest	539ccd006fa2af5af7c8252ec486f535	TRUNCATE TABLE `performance_schema` . `events_statements_summary_by_digest` 	1	0	0	0
statements_digest	8afed691ecec77023a5fdbd0afe5c32f	SELECT ? FROM `t1` 	2	0	0	0
statements_digest	97b8d761ee34183a2656c857994a3ee6	SELECT ?, ... FROM `t1` 	2	0	0	0
statements_digest	fa33d805ec7c0311d1caa128e4c69f91	SELECT ? FROM `t2` 	1	0	0	0
statements_digest	8dca973a968c548540759667cbafc743	SELECT ?, ... FROM `t2` 	2	0	0	0
statements_digest	21a90b648f866d0902d05f3d50af6e34	INSERT INTO `t1` VALUES (?) 	2	2	0	0
statements_digest	5bf79de9db5c5838ec9049213a88c90b	INSERT INTO `t2` VALUES (?) 	1	1	0	0
statements_digest	d25953604682d96449e79bd91b0115ac	INSERT INTO `t3` VALUES (...) 	4	4	0	0
statements_digest	a15db46357ae799f940a220473549d6e	INSERT INTO `t4` VALUES (...) 	1	1	0	0
statements_digest	bedd52e88957b3abda810da2415d3c91	INSERT INTO `t5` VALUES (...) 	1	1	0	0
statements_digest	de88648799909b827a59353fae992495	INSERT INTO `t1` VALUES (?) /* , ... */ 	2	7	0	0
statements_digest	0e3c34fa4dbb2ff788a66e6d47ef80a1	INSERT INTO `t3` VALUES (...) /* , ... */ 	1	3	0	0
statements_digest	80161fe93ba0914a289c82e1fc61c2af	INSERT INTO `t5` VALUES (...) /* , ... */ 	1	3	0	0
statements_digest	c888bdd60bfcb311a130719c7b172003	SELECT * FROM `t1` WHERE `a` IN (...) 	2	0	0	0
statements_digest	edc358d12ef304a64df773c8fed0570e	INSERT INTO `t6` VALUES (...) 	5	5	0	0
statements_digest	6d48e7bf6ebe1075c954ca4440c313f5	SELECT ? + ? 	3	0	0	0
statements_digest	f29eded39dd5fa102f18987679dd0c14	SELECT ? 	1	0	0	0
statements_digest	3862cfdd73bb6082b7f7cfee3d088202	CREATE SCHEMA `statements_digest_temp` 	2	2	0	0
statements_digest	a74295739ec83dd713e079567a9b10f1	DROP SCHEMA `statements_digest_temp` 	2	0	0	0
statements_digest	98a7d0e08ca427c154110b35b74482f0	SELECT ? FROM `no_such_table` 	1	0	0	1
statements_digest	8f72014a9348c119896c9c4e15ceaa63	CREATE TABLE `dup_table` ( `c` CHARACTER (?) ) 	2	0	0	1
statements_digest	856c1606aaae4ea76382941b7db24c08	DROP TABLE `dup_table` 	1	0	0	0
statements_digest	18d9a2b4e761e638e84a11301a78f1ec	INSERT IGNORE INTO `t11` VALUES (?) 	1	1	1	0
statements_digest	feaff321c54a9c8e1e9508628f7a5a05	SHOW WARNINGS 	1	0	0	0
statements_digest	af574b74cf952b0ba2ee8b7ff9835ee7	PREPARE `stmt` FROM ? 	1	0	0	0
statements_digest	c24650452cda5a5a87395b7ac54520e9	EXECUTE `stmt` 	2	0	0	0
statements_digest	d87e03acd07713abc8ea0889ac1d833b	DEALLOCATE PREPARE `stmt` 	1	0	0	0
statements_digest	802e09fd5e33edf7e9a1d52ef63baf78	CREATE PROCEDURE `p1` ( ) BEGIN SELECT * FROM `t12` ; END 	1	0	0	0
statements_digest	3966942c5c080cc42426c4a04b981898	CALL `p1` ( ) 	2	0	0	0
statements_digest	39e3659d6f9e2a1a366d37bd14c16ab5	DROP PROCEDURE `p1` 	1	0	0	0
statements_digest	5de1707e0a67242a7dd1861bb2d00fa1	CREATE FUNCTION `func` ( `a` INTEGER , `b` INTEGER ) RETURNS INTEGER (?) RETURN `a` + `b` 	1	0	0	0
statements_digest	0b4655b0e011c134c52b2adae88c0da3	SELECT `func` (...) 	2	0	0	0
statements_digest	574dba3b819faa2a6b7a1c9453432bb1	DROP FUNCTION `func` 	1	0	0	0
statements_digest	5ed6077f186cd75d1d138ac74c33fc61	CREATE TRIGGER `trg` BEFORE INSERT ON `t12` FOR EACH ROW SET @? := ? 	1	0	0	0
statements_digest	74afdc8197b526264ff7b17f1f59e178	INSERT INTO `t12` VALUES (?) 	2	2	0	0
statements_digest	714e651ecdf92a24c022a5f6e445669b	DROP TRIGGER `trg` 	1	0	0	0
####################################
# CLEANUP
####################################
DROP TABLE IF EXISTS t1;
DROP TABLE IF EXISTS t2;
DROP TABLE IF EXISTS t3;
DROP TABLE IF EXISTS t4;
DROP TABLE IF EXISTS t5;
DROP TABLE IF EXISTS t6;
DROP TABLE IF EXISTS t11;
DROP TABLE IF EXISTS t12;
DROP DATABASE IF EXISTS statements_digest;
SET sql_mode=default;
