SET sql_mode='NO_ENGINE_SUBSTITUTION';
Warnings:
Warning	3090	Changing sql mode 'NO_AUTO_CREATE_USER' is deprecated. It will be removed in a future release.
####################################
# SETUP
####################################
CREATE DATABASE statements_digest;
USE statements_digest;
CREATE TABLE t1(a int);
CREATE TABLE t2(a int);
CREATE TABLE t3(a int, b int);
CREATE TABLE t4(a int, b int);
CREATE TABLE t5(a int, b int, c int);
CREATE TABLE t6(a int, b int, c int, d int);
CREATE TABLE t11 (c CHAR(4));
CREATE TABLE t12 (c CHAR(4));
TRUNCATE TABLE performance_schema.events_statements_summary_by_digest;
####################################
# EXECUTION
####################################
SELECT 1 FROM t1;
1
SELECT 1 FROM `t1`;
1
SELECT 1,2 FROM t1;
1	2
SELECT 1, 2, 3, 4 FROM t1;
1	2	3	4
SELECT 1 FROM t2;
1
SELECT 1,2 FROM t2;
1	2
SELECT 1, 2, 3, 4 FROM t2;
1	2	3	4
INSERT INTO t1 VALUES (1);
INSERT INTO t2 VALUES (1);
INSERT INTO t3 VALUES (1, 2);
INSERT INTO t4 VALUES (1, 2);
INSERT INTO t5 VALUES (1, 2, 3);
INSERT INTO t1 VALUES (1), (2), (3);
INSERT INTO t1 VALUES (1), (2), (3), (4);
INSERT INTO t3 VALUES (1, 2), (3, 4), (5, 6);
INSERT INTO t5 VALUES (1, 2, 3), (4, 5, 6), (7, 8, 9);
INSERT INTO t1 VALUES (NULL);
INSERT INTO t3 VALUES (NULL,NULL);
INSERT INTO t3 VALUES (1,NULL);
INSERT INTO t3 VALUES (NULL,1);
INSERT INTO t6 VALUES (NULL, NULL, NULL, NULL);
INSERT INTO t6 VALUES (1, NULL, NULL, NULL);
INSERT INTO t6 VALUES (NULL, 2, NULL, NULL);
INSERT INTO t6 VALUES (1, 2, 3, NULL);
INSERT INTO t6 VALUES (1, 2, NULL, 4);
SELECT                                          1           +        1;
1           +        1
2
SELECT 1;
1
1
SELECT 1 /* This is an inline comment */ + 1;
1 /* This is an inline comment */ + 1
2
SELECT 1+
/*
this is a
multiple-line comment
*/
1;
1+
/*
this is a
multiple-line comment
*/
1
2
CREATE SCHEMA statements_digest_temp;
DROP SCHEMA statements_digest_temp;
CREATE DATABASE statements_digest_temp;
DROP DATABASE statements_digest_temp;
SELECT 1 FROM no_such_table;
ERROR 42S02: Table 'statements_digest.no_such_table' doesn't exist
CREATE TABLE dup_table (c char(4));
CREATE TABLE dup_table (c char(4));
ERROR 42S01: Table 'dup_table' already exists
DROP TABLE dup_table;
INSERT IGNORE INTO t11 VALUES("MySQL");
Warnings:
Warning	1265	Data truncated for column 'c' at row 1
PREPARE stmt FROM "SELECT * FROM t12";
EXECUTE stmt;
c
EXECUTE stmt;
c
DEALLOCATE PREPARE stmt;
CREATE PROCEDURE p1() BEGIN SELECT * FROM t12; END//
CALL p1();
c
CALL p1();
c
DROP PROCEDURE p1;
CREATE FUNCTION `func`(a INT, b INT) RETURNS int(11) RETURN a+b //
select func(3,4);
func(3,4)
7
select func(13,42);
func(13,42)
55
DROP FUNCTION func;
CREATE TRIGGER trg BEFORE INSERT ON t12 FOR EACH ROW SET @a:=1;
INSERT INTO t12 VALUES ("abc");
INSERT INTO t12 VALUES ("def");
DROP TRIGGER trg;
####################################
# QUERYING PS STATEMENT DIGEST
####################################
SELECT SCHEMA_NAME, DIGEST, DIGEST_TEXT, COUNT_STAR, SUM_ROWS_AFFECTED, SUM_WARNINGS,
SUM_ERRORS FROM performance_schema.events_statements_summary_by_digest;
SCHEMA_NAME	DIGEST	DIGEST_TEXT	COUNT_STAR	SUM_ROWS_AFFECTED	SUM_WARNINGS	SUM_ERRORS
statements_digest	19a8be58734d7f54e80891aab1486eff	TRUNCATE TABLE `performance_schema` . `events_statements_summary_by_digest` 	1	0	0	0
statements_digest	40fa14814c8a42deb4864df7e39a4368	SELECT ? FROM `t1` 	2	0	0	0
statements_digest	c0f97a3d5baa5732fa13203c95ced5ce	SELECT ?, ... FROM `t1` 	2	0	0	0
statements_digest	4a51e8bcc84705097b8c6d1a1c649128	SELECT ? FROM `t2` 	1	0	0	0
statements_digest	6d32fbf5696b0f0f9addcec4ffb6b89f	SELECT ?, ... FROM `t2` 	2	0	0	0
statements_digest	c188d6c207c308762cc3cf3ad482ca0d	INSERT INTO `t1` VALUES (?) 	2	2	0	0
statements_digest	4119088b3b4367fae367bf193a361783	INSERT INTO `t2` VALUES (?) 	1	1	0	0
statements_digest	4e02c9c957346830ec5e6c6a7884d1f8	INSERT INTO `t3` VALUES (...) 	4	4	0	0
statements_digest	53d9656520c49deb8d14c349e5391d34	INSERT INTO `t4` VALUES (...) 	1	1	0	0
statements_digest	17311a2e88ab77f71906ae44a900b65e	INSERT INTO `t5` VALUES (...) 	1	1	0	0
statements_digest	41dee76b507e9f6ff6e73d51b2587799	INSERT INTO `t1` VALUES (?) /* , ... */ 	2	7	0	0
statements_digest	5831719972946a9b151bb3edf8314fcf	INSERT INTO `t3` VALUES (...) /* , ... */ 	1	3	0	0
statements_digest	01625b5837a78645c331401fda6eae9f	INSERT INTO `t5` VALUES (...) /* , ... */ 	1	3	0	0
statements_digest	b98be0772b9f8c0e1c2f46704899e2b1	INSERT INTO `t6` VALUES (...) 	5	5	0	0
statements_digest	2b9da67f9eec6f06d0a7b1f5ba1a1869	SELECT ? + ? 	3	0	0	0
statements_digest	b4b4bbb145d74363fec80d6be58a637a	SELECT ? 	1	0	0	0
statements_digest	e95342b0c35ad0eb24b14da40f0db5bd	CREATE SCHEMA `statements_digest_temp` 	2	2	0	0
statements_digest	73fb90e79fd6e63de149259cf02f0994	DROP SCHEMA `statements_digest_temp` 	2	0	0	0
statements_digest	56f579fe4f967ce7135d2cad5a2dfd96	SELECT ? FROM `no_such_table` 	1	0	0	1
statements_digest	b47a6b776de5492bda8ec4ac6c39e261	CREATE TABLE `dup_table` ( `c` CHARACTER (?) ) 	2	0	0	1
statements_digest	1bee7d21355753113fa6d44cd4677d5e	DROP TABLE `dup_table` 	1	0	0	0
statements_digest	004cf1082b745105d29cbce175069a93	INSERT IGNORE INTO `t11` VALUES (?) 	1	1	1	0
statements_digest	7c0dce767531d3937f8ff44c72f9a841	SHOW WARNINGS 	1	0	0	0
statements_digest	9efd61dd2b91d54a08c120ce66c6f942	PREPARE `stmt` FROM ? 	1	0	0	0
statements_digest	6f19bf258ee720b432b5a9cafdc17be3	EXECUTE `stmt` 	2	0	0	0
statements_digest	61e6e12776547a4c59f80ad0fd870e04	DEALLOCATE PREPARE `stmt` 	1	0	0	0
statements_digest	869d6a3eff8442e3e52a294264b4b33c	CREATE PROCEDURE `p1` ( ) BEGIN SELECT * FROM `t12` ; END 	1	0	0	0
statements_digest	3a44e2b53e1e100add625f559fd5b426	CALL `p1` ( ) 	2	0	0	0
statements_digest	1a2745a5063869e1fd72a91ccfb6dfca	DROP PROCEDURE `p1` 	1	0	0	0
statements_digest	1d8811fea3a3f294bf52a9fe66bb2409	CREATE FUNCTION `func` ( `a` INTEGER , `b` INTEGER ) RETURNS INTEGER (?) RETURN `a` + `b` 	1	0	0	0
statements_digest	6ab720e834b47cf2328775e0cf478086	SELECT `func` (...) 	2	0	0	0
statements_digest	2764780042be5abb843856b4347d916a	DROP FUNCTION `func` 	1	0	0	0
statements_digest	e6a81b55899973ab56657f5b941c165b	CREATE TRIGGER `trg` BEFORE INSERT ON `t12` FOR EACH ROW SET @? := ? 	1	0	0	0
statements_digest	42f91baa0251f7ec279824929bf12b9f	INSERT INTO `t12` VALUES (?) 	2	2	0	0
statements_digest	538ac21cca542fd97aafa27a55073b35	DROP TRIGGER `trg` 	1	0	0	0
####################################
# CLEANUP
####################################
DROP TABLE IF EXISTS t1;
DROP TABLE IF EXISTS t2;
DROP TABLE IF EXISTS t3;
DROP TABLE IF EXISTS t4;
DROP TABLE IF EXISTS t5;
DROP TABLE IF EXISTS t6;
DROP TABLE IF EXISTS t11;
DROP TABLE IF EXISTS t12;
DROP DATABASE IF EXISTS statements_digest;
SET sql_mode=default;
