use mysql;
#
# Subset of definitions from tables, not including
# timestamps, partitioning, view definitions and
# default values
SELECT
id, name, type, engine, collation_id, comment, hidden,
options, se_private_data, se_private_id, tablespace_id
FROM tables
WHERE id IN (SELECT id FROM tables
WHERE schema_id= 1
AND name IN ('innodb_table_stats',
'innodb_index_stats',
'character_sets',
'collations',
'tablespaces',
'tablespace_files',
'catalogs',
'schemata',
'tables',
'view_table_usage',
'columns',
'indexes',
'index_column_usage',
'column_type_elements',
'foreign_keys',
'foreign_key_column_usage',
'table_partitions',
'table_partition_values',
'index_partitions',
'version'))
ORDER BY id;
id	name	type	engine	collation_id	comment	hidden	options	se_private_data	se_private_id	tablespace_id
1	version	BASE TABLE	InnoDB	83		1	avg_row_length=0;key_block_size=0;keys_disabled=0;pack_record=1;row_type=2;stats_auto_recalc=0;stats_persistent=0;stats_sample_pages=0;	NULL	11	NULL
3	collations	BASE TABLE	InnoDB	83		1	avg_row_length=0;key_block_size=0;keys_disabled=0;pack_record=1;row_type=2;stats_auto_recalc=0;stats_persistent=0;stats_sample_pages=0;	NULL	13	NULL
4	tablespaces	BASE TABLE	InnoDB	83		1	avg_row_length=0;key_block_size=0;keys_disabled=0;pack_record=1;row_type=2;stats_auto_recalc=0;stats_persistent=0;stats_sample_pages=0;	NULL	14	NULL
5	tablespace_files	BASE TABLE	InnoDB	83		1	avg_row_length=0;key_block_size=0;keys_disabled=0;pack_record=1;row_type=2;stats_auto_recalc=0;stats_persistent=0;stats_sample_pages=0;	NULL	15	NULL
6	catalogs	BASE TABLE	InnoDB	83		1	avg_row_length=0;key_block_size=0;keys_disabled=0;pack_record=1;row_type=2;stats_auto_recalc=0;stats_persistent=0;stats_sample_pages=0;	NULL	16	NULL
7	schemata	BASE TABLE	InnoDB	83		1	avg_row_length=0;key_block_size=0;keys_disabled=0;pack_record=1;row_type=2;stats_auto_recalc=0;stats_persistent=0;stats_sample_pages=0;	NULL	17	NULL
9	tables	BASE TABLE	InnoDB	83		1	avg_row_length=0;key_block_size=0;keys_disabled=0;pack_record=1;row_type=2;stats_auto_recalc=0;stats_persistent=0;stats_sample_pages=0;	NULL	19	NULL
10	view_table_usage	BASE TABLE	InnoDB	83		1	avg_row_length=0;key_block_size=0;keys_disabled=0;pack_record=1;row_type=2;stats_auto_recalc=0;stats_persistent=0;stats_sample_pages=0;	NULL	20	NULL
11	columns	BASE TABLE	InnoDB	83		1	avg_row_length=0;key_block_size=0;keys_disabled=0;pack_record=1;row_type=2;stats_auto_recalc=0;stats_persistent=0;stats_sample_pages=0;	NULL	21	NULL
12	indexes	BASE TABLE	InnoDB	83		1	avg_row_length=0;key_block_size=0;keys_disabled=0;pack_record=1;row_type=2;stats_auto_recalc=0;stats_persistent=0;stats_sample_pages=0;	NULL	22	NULL
13	index_column_usage	BASE TABLE	InnoDB	83		1	avg_row_length=0;key_block_size=0;keys_disabled=0;pack_record=1;row_type=2;stats_auto_recalc=0;stats_persistent=0;stats_sample_pages=0;	NULL	23	NULL
14	column_type_elements	BASE TABLE	InnoDB	83		1	avg_row_length=0;key_block_size=0;keys_disabled=0;pack_record=1;row_type=2;stats_auto_recalc=0;stats_persistent=0;stats_sample_pages=0;	NULL	24	NULL
15	foreign_keys	BASE TABLE	InnoDB	83		1	avg_row_length=0;key_block_size=0;keys_disabled=0;pack_record=1;row_type=2;stats_auto_recalc=0;stats_persistent=0;stats_sample_pages=0;	NULL	25	NULL
16	foreign_key_column_usage	BASE TABLE	InnoDB	83		1	avg_row_length=0;key_block_size=0;keys_disabled=0;pack_record=1;row_type=2;stats_auto_recalc=0;stats_persistent=0;stats_sample_pages=0;	NULL	26	NULL
17	table_partitions	BASE TABLE	InnoDB	83		1	avg_row_length=0;key_block_size=0;keys_disabled=0;pack_record=1;row_type=2;stats_auto_recalc=0;stats_persistent=0;stats_sample_pages=0;	NULL	27	NULL
18	table_partition_values	BASE TABLE	InnoDB	83		1	avg_row_length=0;key_block_size=0;keys_disabled=0;pack_record=1;row_type=2;stats_auto_recalc=0;stats_persistent=0;stats_sample_pages=0;	NULL	28	NULL
19	index_partitions	BASE TABLE	InnoDB	83		1	avg_row_length=0;key_block_size=0;keys_disabled=0;pack_record=1;row_type=2;stats_auto_recalc=0;stats_persistent=0;stats_sample_pages=0;	NULL	29	NULL
27	innodb_table_stats	BASE TABLE	InnoDB	83		0	avg_row_length=0;key_block_size=0;keys_disabled=0;pack_record=1;row_type=2;stats_auto_recalc=0;stats_persistent=0;stats_sample_pages=0;	NULL	37	NULL
28	innodb_index_stats	BASE TABLE	InnoDB	83		0	avg_row_length=0;key_block_size=0;keys_disabled=0;pack_record=1;row_type=2;stats_auto_recalc=0;stats_persistent=0;stats_sample_pages=0;	NULL	38	NULL
29	character_sets	BASE TABLE	InnoDB	83		1	avg_row_length=0;key_block_size=0;keys_disabled=0;pack_record=1;row_type=2;stats_auto_recalc=0;stats_persistent=0;stats_sample_pages=0;	NULL	NULL	NULL
#
# Subset of definitions from columns, not including
# default_values.
SELECT id, table_id, name, ordinal_position, type, is_nullable,
is_zerofill, is_unsigned, char_length, numeric_precision,
numeric_scale, datetime_precision, collation_id, default_option,
update_option, is_auto_increment, comment, hidden, options,
se_private_data FROM columns
WHERE table_id IN (SELECT id FROM tables
WHERE schema_id= 1
AND name IN ('innodb_table_stats',
'innodb_index_stats',
'character_sets',
'collations',
'tablespaces',
'tablespace_files',
'catalogs',
'schemata',
'tables',
'view_table_usage',
'columns',
'indexes',
'index_column_usage',
'column_type_elements',
'foreign_keys',
'foreign_key_column_usage',
'table_partitions',
'table_partition_values',
'index_partitions',
'version'))
ORDER BY id;
id	table_id	name	ordinal_position	type	is_nullable	is_zerofill	is_unsigned	char_length	numeric_precision	numeric_scale	datetime_precision	collation_id	default_option	update_option	is_auto_increment	comment	hidden	options	se_private_data
1	1	version	1	MYSQL_TYPE_LONG	0	0	1	10	10	0	NULL	83	NULL	NULL	0		0	interval_count=0;	NULL
7	3	id	1	MYSQL_TYPE_LONGLONG	0	0	1	20	20	0	NULL	83	NULL	NULL	1		0	interval_count=0;	NULL
8	3	name	2	MYSQL_TYPE_VARCHAR	0	0	0	192	0	NULL	NULL	33	NULL	NULL	0		0	interval_count=0;	NULL
9	3	character_set_id	3	MYSQL_TYPE_LONGLONG	0	0	1	20	20	0	NULL	83	NULL	NULL	0		0	interval_count=0;	NULL
10	3	is_compiled	4	MYSQL_TYPE_TINY	0	0	0	1	3	0	NULL	83	NULL	NULL	0		0	interval_count=0;	NULL
11	3	sort_length	5	MYSQL_TYPE_LONG	0	0	1	10	10	0	NULL	83	NULL	NULL	0		0	interval_count=0;	NULL
12	4	id	1	MYSQL_TYPE_LONGLONG	0	0	1	20	20	0	NULL	83	NULL	NULL	1		0	interval_count=0;	NULL
13	4	name	2	MYSQL_TYPE_VARCHAR	0	0	0	765	0	NULL	NULL	83	NULL	NULL	0		0	interval_count=0;	NULL
14	4	options	3	MYSQL_TYPE_MEDIUM_BLOB	1	0	0	8	0	NULL	NULL	83	NULL	NULL	0		0	interval_count=0;	NULL
15	4	se_private_data	4	MYSQL_TYPE_MEDIUM_BLOB	1	0	0	8	0	NULL	NULL	83	NULL	NULL	0		0	interval_count=0;	NULL
16	4	comment	5	MYSQL_TYPE_VARCHAR	0	0	0	6144	0	NULL	NULL	83	NULL	NULL	0		0	interval_count=0;	NULL
17	4	engine	6	MYSQL_TYPE_VARCHAR	0	0	0	192	0	NULL	NULL	83	NULL	NULL	0		0	interval_count=0;	NULL
18	5	tablespace_id	1	MYSQL_TYPE_LONGLONG	0	0	1	20	20	0	NULL	83	NULL	NULL	0		0	interval_count=0;	NULL
19	5	ordinal_position	2	MYSQL_TYPE_LONG	0	0	1	10	10	0	NULL	83	NULL	NULL	0		0	interval_count=0;	NULL
20	5	file_name	3	MYSQL_TYPE_VARCHAR	0	0	0	765	0	NULL	NULL	83	NULL	NULL	0		0	interval_count=0;	NULL
21	5	se_private_data	4	MYSQL_TYPE_MEDIUM_BLOB	1	0	0	8	0	NULL	NULL	83	NULL	NULL	0		0	interval_count=0;	NULL
22	6	id	1	MYSQL_TYPE_LONGLONG	0	0	1	20	20	0	NULL	83	NULL	NULL	1		0	interval_count=0;	NULL
23	6	name	2	MYSQL_TYPE_VARCHAR	0	0	0	192	0	NULL	NULL	83	NULL	NULL	0		0	interval_count=0;	NULL
24	6	created	3	MYSQL_TYPE_TIMESTAMP2	0	0	0	19	0	NULL	0	8	CURRENT_TIMESTAMP	CURRENT_TIMESTAMP	0		0	interval_count=0;	NULL
25	6	last_altered	4	MYSQL_TYPE_TIMESTAMP2	0	0	0	19	0	NULL	0	8	CURRENT_TIMESTAMP	NULL	0		0	interval_count=0;	NULL
26	7	id	1	MYSQL_TYPE_LONGLONG	0	0	1	20	20	0	NULL	83	NULL	NULL	1		0	interval_count=0;	NULL
27	7	catalog_id	2	MYSQL_TYPE_LONGLONG	0	0	1	20	20	0	NULL	83	NULL	NULL	0		0	interval_count=0;	NULL
28	7	name	3	MYSQL_TYPE_VARCHAR	0	0	0	192	0	NULL	NULL	83	NULL	NULL	0		0	interval_count=0;	NULL
29	7	default_collation_id	4	MYSQL_TYPE_LONGLONG	0	0	1	20	20	0	NULL	83	NULL	NULL	0		0	interval_count=0;	NULL
30	7	created	5	MYSQL_TYPE_TIMESTAMP2	0	0	0	19	0	NULL	0	8	CURRENT_TIMESTAMP	CURRENT_TIMESTAMP	0		0	interval_count=0;	NULL
31	7	last_altered	6	MYSQL_TYPE_TIMESTAMP2	0	0	0	19	0	NULL	0	8	CURRENT_TIMESTAMP	NULL	0		0	interval_count=0;	NULL
41	9	id	1	MYSQL_TYPE_LONGLONG	0	0	1	20	20	0	NULL	83	NULL	NULL	1		0	interval_count=0;	NULL
42	9	schema_id	2	MYSQL_TYPE_LONGLONG	0	0	1	20	20	0	NULL	83	NULL	NULL	0		0	interval_count=0;	NULL
43	9	name	3	MYSQL_TYPE_VARCHAR	0	0	0	192	0	NULL	NULL	83	NULL	NULL	0		0	interval_count=0;	NULL
44	9	type	4	MYSQL_TYPE_ENUM	0	0	0	33	0	NULL	NULL	83	NULL	NULL	0		0	interval_count=3;	NULL
45	9	engine	5	MYSQL_TYPE_VARCHAR	0	0	0	192	0	NULL	NULL	33	NULL	NULL	0		0	interval_count=0;	NULL
46	9	mysql_version_id	6	MYSQL_TYPE_LONG	0	0	1	10	10	0	NULL	83	NULL	NULL	0		0	interval_count=0;	NULL
47	9	row_format	7	MYSQL_TYPE_ENUM	1	0	0	30	0	NULL	NULL	83	NULL	NULL	0		0	interval_count=6;	NULL
48	9	collation_id	8	MYSQL_TYPE_LONGLONG	1	0	1	20	20	0	NULL	83	NULL	NULL	0		0	interval_count=0;	NULL
49	9	comment	9	MYSQL_TYPE_VARCHAR	0	0	0	6144	0	NULL	NULL	83	NULL	NULL	0		0	interval_count=0;	NULL
50	9	hidden	10	MYSQL_TYPE_TINY	0	0	0	1	3	0	NULL	83	NULL	NULL	0		0	interval_count=0;	NULL
51	9	options	11	MYSQL_TYPE_MEDIUM_BLOB	1	0	0	8	0	NULL	NULL	63	NULL	NULL	0		0	interval_count=0;	NULL
52	9	se_private_data	12	MYSQL_TYPE_MEDIUM_BLOB	1	0	0	8	0	NULL	NULL	83	NULL	NULL	0		0	interval_count=0;	NULL
53	9	se_private_id	13	MYSQL_TYPE_LONGLONG	1	0	1	20	20	0	NULL	83	NULL	NULL	0		0	interval_count=0;	NULL
54	9	tablespace_id	14	MYSQL_TYPE_LONGLONG	1	0	1	20	20	0	NULL	83	NULL	NULL	0		0	interval_count=0;	NULL
55	9	partition_type	15	MYSQL_TYPE_ENUM	1	0	0	39	0	NULL	NULL	83	NULL	NULL	0		0	interval_count=11;	NULL
56	9	partition_expression	16	MYSQL_TYPE_VARCHAR	1	0	0	6144	0	NULL	NULL	83	NULL	NULL	0		0	interval_count=0;	NULL
57	9	default_partitioning	17	MYSQL_TYPE_ENUM	1	0	0	18	0	NULL	NULL	83	NULL	NULL	0		0	interval_count=3;	NULL
58	9	subpartition_type	18	MYSQL_TYPE_ENUM	1	0	0	39	0	NULL	NULL	83	NULL	NULL	0		0	interval_count=6;	NULL
59	9	subpartition_expression	19	MYSQL_TYPE_VARCHAR	1	0	0	6144	0	NULL	NULL	83	NULL	NULL	0		0	interval_count=0;	NULL
60	9	default_subpartitioning	20	MYSQL_TYPE_ENUM	1	0	0	18	0	NULL	NULL	83	NULL	NULL	0		0	interval_count=3;	NULL
61	9	created	21	MYSQL_TYPE_TIMESTAMP2	0	0	0	19	0	NULL	0	8	CURRENT_TIMESTAMP	CURRENT_TIMESTAMP	0		0	interval_count=0;	NULL
62	9	last_altered	22	MYSQL_TYPE_TIMESTAMP2	0	0	0	19	0	NULL	0	8	CURRENT_TIMESTAMP	NULL	0		0	interval_count=0;	NULL
63	9	view_definition	23	MYSQL_TYPE_LONG_BLOB	1	0	0	8	0	NULL	NULL	63	NULL	NULL	0		0	interval_count=0;	NULL
64	9	view_definition_utf8	24	MYSQL_TYPE_LONG_BLOB	1	0	0	8	0	NULL	NULL	83	NULL	NULL	0		0	interval_count=0;	NULL
65	9	view_check_option	25	MYSQL_TYPE_ENUM	1	0	0	24	0	NULL	NULL	83	NULL	NULL	0		0	interval_count=3;	NULL
66	9	view_is_updatable	26	MYSQL_TYPE_ENUM	1	0	0	9	0	NULL	NULL	83	NULL	NULL	0		0	interval_count=2;	NULL
67	9	view_algorithm	27	MYSQL_TYPE_ENUM	1	0	0	27	0	NULL	NULL	83	NULL	NULL	0		0	interval_count=3;	NULL
68	9	view_security_type	28	MYSQL_TYPE_ENUM	1	0	0	21	0	NULL	NULL	83	NULL	NULL	0		0	interval_count=3;	NULL
69	9	view_definer	29	MYSQL_TYPE_VARCHAR	1	0	0	279	0	NULL	NULL	83	NULL	NULL	0		0	interval_count=0;	NULL
70	9	view_client_collation_id	30	MYSQL_TYPE_LONGLONG	1	0	1	20	20	0	NULL	83	NULL	NULL	0		0	interval_count=0;	NULL
71	9	view_connection_collation_id	31	MYSQL_TYPE_LONGLONG	1	0	1	20	20	0	NULL	83	NULL	NULL	0		0	interval_count=0;	NULL
72	10	view_id	1	MYSQL_TYPE_LONGLONG	0	0	1	20	20	0	NULL	83	NULL	NULL	0		0	interval_count=0;	NULL
73	10	table_catalog	2	MYSQL_TYPE_VARCHAR	0	0	0	192	0	NULL	NULL	83	NULL	NULL	0		0	interval_count=0;	NULL
74	10	table_schema	3	MYSQL_TYPE_VARCHAR	0	0	0	192	0	NULL	NULL	83	NULL	NULL	0		0	interval_count=0;	NULL
75	10	table_name	4	MYSQL_TYPE_VARCHAR	0	0	0	192	0	NULL	NULL	83	NULL	NULL	0		0	interval_count=0;	NULL
76	11	id	1	MYSQL_TYPE_LONGLONG	0	0	1	20	20	0	NULL	83	NULL	NULL	1		0	interval_count=0;	NULL
77	11	table_id	2	MYSQL_TYPE_LONGLONG	0	0	1	20	20	0	NULL	83	NULL	NULL	0		0	interval_count=0;	NULL
78	11	name	3	MYSQL_TYPE_VARCHAR	0	0	0	192	0	NULL	NULL	76	NULL	NULL	0		0	interval_count=0;	NULL
79	11	ordinal_position	4	MYSQL_TYPE_LONG	0	0	1	10	10	0	NULL	83	NULL	NULL	0		0	interval_count=0;	NULL
80	11	type	5	MYSQL_TYPE_ENUM	0	0	0	66	0	NULL	NULL	83	NULL	NULL	0		0	interval_count=31;	NULL
81	11	is_nullable	6	MYSQL_TYPE_TINY	0	0	0	1	3	0	NULL	83	NULL	NULL	0		0	interval_count=0;	NULL
82	11	is_zerofill	7	MYSQL_TYPE_TINY	1	0	0	1	3	0	NULL	83	NULL	NULL	0		0	interval_count=0;	NULL
83	11	is_unsigned	8	MYSQL_TYPE_TINY	1	0	0	1	3	0	NULL	83	NULL	NULL	0		0	interval_count=0;	NULL
84	11	char_length	9	MYSQL_TYPE_LONG	1	0	1	10	10	0	NULL	83	NULL	NULL	0		0	interval_count=0;	NULL
85	11	numeric_precision	10	MYSQL_TYPE_LONG	1	0	1	10	10	0	NULL	83	NULL	NULL	0		0	interval_count=0;	NULL
86	11	numeric_scale	11	MYSQL_TYPE_LONG	1	0	1	10	10	0	NULL	83	NULL	NULL	0		0	interval_count=0;	NULL
87	11	datetime_precision	12	MYSQL_TYPE_LONG	1	0	1	10	10	0	NULL	83	NULL	NULL	0		0	interval_count=0;	NULL
88	11	collation_id	13	MYSQL_TYPE_LONGLONG	1	0	1	20	20	0	NULL	83	NULL	NULL	0		0	interval_count=0;	NULL
89	11	has_no_default	14	MYSQL_TYPE_TINY	1	0	0	1	3	0	NULL	83	NULL	NULL	0		0	interval_count=0;	NULL
90	11	default_value	15	MYSQL_TYPE_BLOB	1	0	0	8	0	NULL	NULL	63	NULL	NULL	0		0	interval_count=0;	NULL
91	11	default_value_utf8	16	MYSQL_TYPE_BLOB	1	0	0	8	0	NULL	NULL	83	NULL	NULL	0		0	interval_count=0;	NULL
92	11	default_option	17	MYSQL_TYPE_BLOB	1	0	0	8	0	NULL	NULL	63	NULL	NULL	0		0	interval_count=0;	NULL
93	11	update_option	18	MYSQL_TYPE_VARCHAR	1	0	0	96	0	NULL	NULL	83	NULL	NULL	0		0	interval_count=0;	NULL
94	11	is_auto_increment	19	MYSQL_TYPE_TINY	1	0	0	1	3	0	NULL	83	NULL	NULL	0		0	interval_count=0;	NULL
95	11	is_virtual	20	MYSQL_TYPE_TINY	1	0	0	1	3	0	NULL	83	NULL	NULL	0		0	interval_count=0;	NULL
96	11	generation_expression	21	MYSQL_TYPE_LONG_BLOB	1	0	0	8	0	NULL	NULL	63	NULL	NULL	0		0	interval_count=0;	NULL
97	11	generation_expression_utf8	22	MYSQL_TYPE_LONG_BLOB	1	0	0	8	0	NULL	NULL	83	NULL	NULL	0		0	interval_count=0;	NULL
98	11	comment	23	MYSQL_TYPE_VARCHAR	0	0	0	6144	0	NULL	NULL	83	NULL	NULL	0		0	interval_count=0;	NULL
99	11	hidden	24	MYSQL_TYPE_TINY	0	0	0	1	3	0	NULL	83	NULL	NULL	0		0	interval_count=0;	NULL
100	11	options	25	MYSQL_TYPE_MEDIUM_BLOB	1	0	0	8	0	NULL	NULL	83	NULL	NULL	0		0	interval_count=0;	NULL
101	11	se_private_data	26	MYSQL_TYPE_MEDIUM_BLOB	1	0	0	8	0	NULL	NULL	83	NULL	NULL	0		0	interval_count=0;	NULL
102	11	column_key	27	MYSQL_TYPE_ENUM	0	0	0	9	0	NULL	NULL	83	NULL	NULL	0		0	interval_count=4;	NULL
103	11	column_type_utf8	28	MYSQL_TYPE_MEDIUM_BLOB	0	0	0	8	0	NULL	NULL	83	NULL	NULL	0		0	interval_count=0;	NULL
104	12	id	1	MYSQL_TYPE_LONGLONG	0	0	1	20	20	0	NULL	83	NULL	NULL	1		0	interval_count=0;	NULL
105	12	table_id	2	MYSQL_TYPE_LONGLONG	0	0	1	20	20	0	NULL	83	NULL	NULL	0		0	interval_count=0;	NULL
106	12	name	3	MYSQL_TYPE_VARCHAR	0	0	0	192	0	NULL	NULL	76	NULL	NULL	0		0	interval_count=0;	NULL
107	12	type	4	MYSQL_TYPE_ENUM	0	0	0	24	0	NULL	NULL	83	NULL	NULL	0		0	interval_count=5;	NULL
108	12	algorithm	5	MYSQL_TYPE_ENUM	0	0	0	33	0	NULL	NULL	83	NULL	NULL	0		0	interval_count=5;	NULL
109	12	is_algorithm_explicit	6	MYSQL_TYPE_TINY	0	0	0	1	3	0	NULL	83	NULL	NULL	0		0	interval_count=0;	NULL
110	12	is_visible	7	MYSQL_TYPE_TINY	0	0	0	1	3	0	NULL	83	NULL	NULL	0		0	interval_count=0;	NULL
111	12	is_generated	8	MYSQL_TYPE_TINY	0	0	0	1	3	0	NULL	83	NULL	NULL	0		0	interval_count=0;	NULL
112	12	hidden	9	MYSQL_TYPE_TINY	0	0	0	1	3	0	NULL	83	NULL	NULL	0		0	interval_count=0;	NULL
113	12	ordinal_position	10	MYSQL_TYPE_LONG	0	0	1	10	10	0	NULL	83	NULL	NULL	0		0	interval_count=0;	NULL
114	12	comment	11	MYSQL_TYPE_VARCHAR	0	0	0	6144	0	NULL	NULL	83	NULL	NULL	0		0	interval_count=0;	NULL
115	12	options	12	MYSQL_TYPE_MEDIUM_BLOB	1	0	0	8	0	NULL	NULL	83	NULL	NULL	0		0	interval_count=0;	NULL
116	12	se_private_data	13	MYSQL_TYPE_MEDIUM_BLOB	1	0	0	8	0	NULL	NULL	83	NULL	NULL	0		0	interval_count=0;	NULL
117	12	tablespace_id	14	MYSQL_TYPE_LONGLONG	1	0	1	20	20	0	NULL	83	NULL	NULL	0		0	interval_count=0;	NULL
118	12	engine	15	MYSQL_TYPE_VARCHAR	0	0	0	192	0	NULL	NULL	83	NULL	NULL	0		0	interval_count=0;	NULL
119	13	index_id	1	MYSQL_TYPE_LONGLONG	0	0	1	20	20	0	NULL	83	NULL	NULL	0		0	interval_count=0;	NULL
120	13	ordinal_position	2	MYSQL_TYPE_LONG	0	0	1	10	10	0	NULL	83	NULL	NULL	0		0	interval_count=0;	NULL
121	13	column_id	3	MYSQL_TYPE_LONGLONG	0	0	1	20	20	0	NULL	83	NULL	NULL	0		0	interval_count=0;	NULL
122	13	length	4	MYSQL_TYPE_LONG	1	0	1	10	10	0	NULL	83	NULL	NULL	0		0	interval_count=0;	NULL
123	13	order	5	MYSQL_TYPE_ENUM	0	0	0	15	0	NULL	NULL	83	NULL	NULL	0		0	interval_count=3;	NULL
124	13	hidden	6	MYSQL_TYPE_TINY	0	0	0	1	3	0	NULL	83	NULL	NULL	0		0	interval_count=0;	NULL
125	14	column_id	1	MYSQL_TYPE_LONGLONG	0	0	1	20	20	0	NULL	83	NULL	NULL	0		0	interval_count=0;	NULL
126	14	element_index	2	MYSQL_TYPE_LONG	0	0	1	10	10	0	NULL	83	NULL	NULL	0		0	interval_count=0;	NULL
127	14	name	3	MYSQL_TYPE_VARCHAR	0	0	0	255	0	NULL	NULL	63	NULL	NULL	0		0	interval_count=0;	NULL
128	15	id	1	MYSQL_TYPE_LONGLONG	0	0	1	20	20	0	NULL	83	NULL	NULL	1		0	interval_count=0;	NULL
129	15	schema_id	2	MYSQL_TYPE_LONGLONG	0	0	1	20	20	0	NULL	83	NULL	NULL	0		0	interval_count=0;	NULL
130	15	table_id	3	MYSQL_TYPE_LONGLONG	0	0	1	20	20	0	NULL	83	NULL	NULL	0		0	interval_count=0;	NULL
131	15	name	4	MYSQL_TYPE_VARCHAR	0	0	0	192	0	NULL	NULL	33	NULL	NULL	0		0	interval_count=0;	NULL
132	15	unique_constraint_id	5	MYSQL_TYPE_LONGLONG	0	0	1	20	20	0	NULL	83	NULL	NULL	0		0	interval_count=0;	NULL
133	15	match_option	6	MYSQL_TYPE_ENUM	0	0	0	21	0	NULL	NULL	83	NULL	NULL	0		0	interval_count=3;	NULL
134	15	update_rule	7	MYSQL_TYPE_ENUM	0	0	0	33	0	NULL	NULL	83	NULL	NULL	0		0	interval_count=5;	NULL
135	15	delete_rule	8	MYSQL_TYPE_ENUM	0	0	0	33	0	NULL	NULL	83	NULL	NULL	0		0	interval_count=5;	NULL
136	15	referenced_table_catalog	9	MYSQL_TYPE_VARCHAR	0	0	0	192	0	NULL	NULL	83	NULL	NULL	0		0	interval_count=0;	NULL
137	15	referenced_table_schema	10	MYSQL_TYPE_VARCHAR	0	0	0	192	0	NULL	NULL	83	NULL	NULL	0		0	interval_count=0;	NULL
138	15	referenced_table_name	11	MYSQL_TYPE_VARCHAR	0	0	0	192	0	NULL	NULL	83	NULL	NULL	0		0	interval_count=0;	NULL
139	16	foreign_key_id	1	MYSQL_TYPE_LONGLONG	0	0	1	20	20	0	NULL	83	NULL	NULL	0		0	interval_count=0;	NULL
140	16	ordinal_position	2	MYSQL_TYPE_LONG	0	0	1	10	10	0	NULL	83	NULL	NULL	0		0	interval_count=0;	NULL
141	16	column_id	3	MYSQL_TYPE_LONGLONG	0	0	1	20	20	0	NULL	83	NULL	NULL	0		0	interval_count=0;	NULL
142	16	referenced_column_name	4	MYSQL_TYPE_VARCHAR	0	0	0	192	0	NULL	NULL	76	NULL	NULL	0		0	interval_count=0;	NULL
143	17	id	1	MYSQL_TYPE_LONGLONG	0	0	1	20	20	0	NULL	83	NULL	NULL	1		0	interval_count=0;	NULL
144	17	table_id	2	MYSQL_TYPE_LONGLONG	0	0	1	20	20	0	NULL	83	NULL	NULL	0		0	interval_count=0;	NULL
145	17	level	3	MYSQL_TYPE_TINY	0	0	1	3	3	0	NULL	83	NULL	NULL	0		0	interval_count=0;	NULL
146	17	number	4	MYSQL_TYPE_SHORT	0	0	1	5	5	0	NULL	83	NULL	NULL	0		0	interval_count=0;	NULL
147	17	name	5	MYSQL_TYPE_VARCHAR	0	0	0	192	0	NULL	NULL	76	NULL	NULL	0		0	interval_count=0;	NULL
148	17	engine	6	MYSQL_TYPE_VARCHAR	0	0	0	192	0	NULL	NULL	83	NULL	NULL	0		0	interval_count=0;	NULL
149	17	comment	7	MYSQL_TYPE_VARCHAR	0	0	0	6144	0	NULL	NULL	83	NULL	NULL	0		0	interval_count=0;	NULL
150	17	options	8	MYSQL_TYPE_MEDIUM_BLOB	1	0	0	8	0	NULL	NULL	83	NULL	NULL	0		0	interval_count=0;	NULL
151	17	se_private_data	9	MYSQL_TYPE_MEDIUM_BLOB	1	0	0	8	0	NULL	NULL	83	NULL	NULL	0		0	interval_count=0;	NULL
152	17	se_private_id	10	MYSQL_TYPE_LONGLONG	1	0	1	20	20	0	NULL	83	NULL	NULL	0		0	interval_count=0;	NULL
153	17	tablespace_id	11	MYSQL_TYPE_LONGLONG	1	0	1	20	20	0	NULL	83	NULL	NULL	0		0	interval_count=0;	NULL
154	18	partition_id	1	MYSQL_TYPE_LONGLONG	0	0	1	20	20	0	NULL	83	NULL	NULL	0		0	interval_count=0;	NULL
155	18	list_num	2	MYSQL_TYPE_TINY	0	0	1	3	3	0	NULL	83	NULL	NULL	0		0	interval_count=0;	NULL
156	18	column_num	3	MYSQL_TYPE_TINY	0	0	1	3	3	0	NULL	83	NULL	NULL	0		0	interval_count=0;	NULL
157	18	value_utf8	4	MYSQL_TYPE_BLOB	1	0	0	8	0	NULL	NULL	83	NULL	NULL	0		0	interval_count=0;	NULL
158	18	max_value	5	MYSQL_TYPE_TINY	0	0	0	1	3	0	NULL	83	NULL	NULL	0		0	interval_count=0;	NULL
159	19	partition_id	1	MYSQL_TYPE_LONGLONG	0	0	1	20	20	0	NULL	83	NULL	NULL	0		0	interval_count=0;	NULL
160	19	index_id	2	MYSQL_TYPE_LONGLONG	0	0	1	20	20	0	NULL	83	NULL	NULL	0		0	interval_count=0;	NULL
161	19	options	3	MYSQL_TYPE_MEDIUM_BLOB	1	0	0	8	0	NULL	NULL	83	NULL	NULL	0		0	interval_count=0;	NULL
162	19	se_private_data	4	MYSQL_TYPE_MEDIUM_BLOB	1	0	0	8	0	NULL	NULL	83	NULL	NULL	0		0	interval_count=0;	NULL
163	19	tablespace_id	5	MYSQL_TYPE_LONGLONG	1	0	1	20	20	0	NULL	83	NULL	NULL	0		0	interval_count=0;	NULL
263	27	database_name	1	MYSQL_TYPE_VARCHAR	0	0	0	192	0	NULL	NULL	83	NULL	NULL	0		0	interval_count=0;	NULL
264	27	table_name	2	MYSQL_TYPE_VARCHAR	0	0	0	597	0	NULL	NULL	83	NULL	NULL	0		0	interval_count=0;	NULL
265	27	last_update	3	MYSQL_TYPE_TIMESTAMP2	0	0	0	19	0	NULL	0	8	CURRENT_TIMESTAMP	CURRENT_TIMESTAMP	0		0	interval_count=0;	NULL
266	27	n_rows	4	MYSQL_TYPE_LONGLONG	0	0	1	20	20	0	NULL	83	NULL	NULL	0		0	interval_count=0;	NULL
267	27	clustered_index_size	5	MYSQL_TYPE_LONGLONG	0	0	1	20	20	0	NULL	83	NULL	NULL	0		0	interval_count=0;	NULL
268	27	sum_of_other_index_sizes	6	MYSQL_TYPE_LONGLONG	0	0	1	20	20	0	NULL	83	NULL	NULL	0		0	interval_count=0;	NULL
269	28	database_name	1	MYSQL_TYPE_VARCHAR	0	0	0	192	0	NULL	NULL	83	NULL	NULL	0		0	interval_count=0;	NULL
270	28	table_name	2	MYSQL_TYPE_VARCHAR	0	0	0	597	0	NULL	NULL	83	NULL	NULL	0		0	interval_count=0;	NULL
271	28	index_name	3	MYSQL_TYPE_VARCHAR	0	0	0	192	0	NULL	NULL	83	NULL	NULL	0		0	interval_count=0;	NULL
272	28	last_update	4	MYSQL_TYPE_TIMESTAMP2	0	0	0	19	0	NULL	0	8	CURRENT_TIMESTAMP	CURRENT_TIMESTAMP	0		0	interval_count=0;	NULL
273	28	stat_name	5	MYSQL_TYPE_VARCHAR	0	0	0	192	0	NULL	NULL	83	NULL	NULL	0		0	interval_count=0;	NULL
274	28	stat_value	6	MYSQL_TYPE_LONGLONG	0	0	1	20	20	0	NULL	83	NULL	NULL	0		0	interval_count=0;	NULL
275	28	sample_size	7	MYSQL_TYPE_LONGLONG	1	0	1	20	20	0	NULL	83	NULL	NULL	0		0	interval_count=0;	NULL
276	28	stat_description	8	MYSQL_TYPE_VARCHAR	0	0	0	3072	0	NULL	NULL	83	NULL	NULL	0		0	interval_count=0;	NULL
277	29	id	1	MYSQL_TYPE_LONGLONG	0	0	1	20	20	0	NULL	8	NULL	NULL	1		0	interval_count=0;	NULL
278	29	name	2	MYSQL_TYPE_VARCHAR	0	0	0	192	0	NULL	NULL	33	NULL	NULL	0		0	interval_count=0;	NULL
279	29	default_collation_id	3	MYSQL_TYPE_LONGLONG	0	0	1	20	20	0	NULL	8	NULL	NULL	0		0	interval_count=0;	NULL
280	29	comment	4	MYSQL_TYPE_VARCHAR	0	0	0	6144	0	NULL	NULL	83	NULL	NULL	0		0	interval_count=0;	NULL
281	29	mb_max_length	5	MYSQL_TYPE_LONG	0	0	1	10	10	0	NULL	8	NULL	NULL	0		0	interval_count=0;	NULL
#
# Definitions from indexes
SELECT * FROM indexes
WHERE table_id IN (SELECT id FROM tables
WHERE schema_id= 1
AND name IN ('innodb_table_stats',
'innodb_index_stats',
'character_sets',
'collations',
'tablespaces',
'tablespace_files',
'catalogs',
'schemata',
'tables',
'view_table_usage',
'columns',
'indexes',
'index_column_usage',
'column_type_elements',
'foreign_keys',
'foreign_key_column_usage',
'table_partitions',
'table_partition_values',
'index_partitions',
'version'))
ORDER BY id;
id	table_id	name	type	algorithm	is_algorithm_explicit	is_visible	is_generated	hidden	ordinal_position	comment	options	se_private_data	tablespace_id	engine
1	1	PRIMARY	PRIMARY	BTREE	0	1	0	0	1		flags=0;	id=11;root=270;	NULL	InnoDB
4	3	PRIMARY	PRIMARY	BTREE	0	1	0	0	1		flags=0;	id=14;root=275;	NULL	InnoDB
5	3	name	UNIQUE	BTREE	0	1	0	0	2		flags=32;	id=15;root=276;	NULL	InnoDB
6	3	character_set_id	MULTIPLE	BTREE	0	1	1	0	3		flags=0;	id=16;root=277;	NULL	InnoDB
7	4	PRIMARY	PRIMARY	BTREE	0	1	0	0	1		flags=0;	id=17;root=279;	NULL	InnoDB
8	4	name	UNIQUE	BTREE	0	1	0	0	2		flags=32;	id=18;root=280;	NULL	InnoDB
9	5	tablespace_id	UNIQUE	BTREE	0	1	0	0	1		flags=0;	id=19;root=282;	NULL	InnoDB
10	5	file_name	UNIQUE	BTREE	0	1	0	0	2		flags=32;	id=20;root=283;	NULL	InnoDB
11	6	PRIMARY	PRIMARY	BTREE	0	1	0	0	1		flags=0;	id=21;root=285;	NULL	InnoDB
12	6	name	UNIQUE	BTREE	0	1	0	0	2		flags=32;	id=22;root=286;	NULL	InnoDB
13	7	PRIMARY	PRIMARY	BTREE	0	1	0	0	1		flags=0;	id=23;root=288;	NULL	InnoDB
14	7	catalog_id	UNIQUE	BTREE	0	1	0	0	2		flags=32;	id=24;root=289;	NULL	InnoDB
15	7	default_collation_id	MULTIPLE	BTREE	0	1	1	0	3		flags=0;	id=25;root=290;	NULL	InnoDB
18	9	PRIMARY	PRIMARY	BTREE	0	1	0	0	1		flags=0;	id=28;root=295;	NULL	InnoDB
19	9	schema_id	UNIQUE	BTREE	0	1	0	0	2		flags=32;	id=29;root=296;	NULL	InnoDB
20	9	engine	UNIQUE	BTREE	0	1	0	0	3		flags=32;	id=30;root=297;	NULL	InnoDB
21	9	engine_2	MULTIPLE	BTREE	0	1	0	0	4		flags=32;	id=31;root=298;	NULL	InnoDB
22	9	collation_id	MULTIPLE	BTREE	0	1	1	0	5		flags=0;	id=32;root=299;	NULL	InnoDB
23	9	tablespace_id	MULTIPLE	BTREE	0	1	1	0	6		flags=0;	id=33;root=300;	NULL	InnoDB
24	10	PRIMARY	PRIMARY	BTREE	0	1	0	0	1		flags=32;	id=34;root=302;	NULL	InnoDB
25	10	table_catalog	MULTIPLE	BTREE	0	1	0	0	2		flags=32;	id=35;root=303;	NULL	InnoDB
26	11	PRIMARY	PRIMARY	BTREE	0	1	0	0	1		flags=0;	id=36;root=305;	NULL	InnoDB
27	11	table_id	UNIQUE	BTREE	0	1	0	0	2		flags=32;	id=37;root=306;	NULL	InnoDB
28	11	table_id_2	UNIQUE	BTREE	0	1	0	0	3		flags=0;	id=38;root=307;	NULL	InnoDB
29	11	collation_id	MULTIPLE	BTREE	0	1	1	0	4		flags=0;	id=39;root=308;	NULL	InnoDB
30	12	PRIMARY	PRIMARY	BTREE	0	1	0	0	1		flags=0;	id=40;root=310;	NULL	InnoDB
31	12	table_id	UNIQUE	BTREE	0	1	0	0	2		flags=32;	id=41;root=311;	NULL	InnoDB
32	12	tablespace_id	MULTIPLE	BTREE	0	1	1	0	3		flags=0;	id=42;root=312;	NULL	InnoDB
33	13	index_id	UNIQUE	BTREE	0	1	0	0	1		flags=0;	id=43;root=314;	NULL	InnoDB
34	13	index_id_2	UNIQUE	BTREE	0	1	0	0	2		flags=0;	id=44;root=315;	NULL	InnoDB
35	13	f2	MULTIPLE	BTREE	0	1	1	0	3		flags=0;	id=45;root=316;	NULL	InnoDB
36	14	PRIMARY	PRIMARY	BTREE	0	1	0	0	1		flags=0;	id=46;root=318;	NULL	InnoDB
37	15	PRIMARY	PRIMARY	BTREE	0	1	0	0	1		flags=0;	id=47;root=320;	NULL	InnoDB
38	15	schema_id	UNIQUE	BTREE	0	1	0	0	2		flags=32;	id=48;root=321;	NULL	InnoDB
39	15	table_id	UNIQUE	BTREE	0	1	0	0	3		flags=32;	id=49;root=322;	NULL	InnoDB
40	15	unique_constraint_id	MULTIPLE	BTREE	0	1	1	0	4		flags=0;	id=50;root=323;	NULL	InnoDB
41	16	PRIMARY	PRIMARY	BTREE	0	1	0	0	1		flags=0;	id=51;root=325;	NULL	InnoDB
42	16	foreign_key_id	UNIQUE	BTREE	0	1	0	0	2		flags=32;	id=52;root=326;	NULL	InnoDB
43	16	column_id	MULTIPLE	BTREE	0	1	1	0	3		flags=0;	id=53;root=327;	NULL	InnoDB
44	17	PRIMARY	PRIMARY	BTREE	0	1	0	0	1		flags=0;	id=54;root=329;	NULL	InnoDB
45	17	table_id	UNIQUE	BTREE	0	1	0	0	2		flags=32;	id=55;root=330;	NULL	InnoDB
46	17	table_id_2	UNIQUE	BTREE	0	1	0	0	3		flags=0;	id=56;root=331;	NULL	InnoDB
47	17	engine	UNIQUE	BTREE	0	1	0	0	4		flags=32;	id=57;root=332;	NULL	InnoDB
48	17	engine_2	MULTIPLE	BTREE	0	1	0	0	5		flags=32;	id=58;root=333;	NULL	InnoDB
49	17	tablespace_id	MULTIPLE	BTREE	0	1	1	0	6		flags=0;	id=59;root=334;	NULL	InnoDB
50	18	PRIMARY	PRIMARY	BTREE	0	1	0	0	1		flags=0;	id=60;root=336;	NULL	InnoDB
51	19	PRIMARY	PRIMARY	BTREE	0	1	0	0	1		flags=0;	id=61;root=338;	NULL	InnoDB
52	19	index_id	MULTIPLE	BTREE	0	1	1	0	2		flags=0;	id=62;root=339;	NULL	InnoDB
53	19	tablespace_id	MULTIPLE	BTREE	0	1	1	0	3		flags=0;	id=63;root=340;	NULL	InnoDB
77	27	PRIMARY	PRIMARY	BTREE	0	1	0	0	1		flags=32;	id=87;root=372;	NULL	InnoDB
78	28	PRIMARY	PRIMARY	BTREE	0	1	0	0	1		flags=32;	id=88;root=374;	NULL	InnoDB
79	29	PRIMARY	PRIMARY	BTREE	0	1	0	0	1		flags=0;	NULL	NULL	InnoDB
80	29	name	UNIQUE	BTREE	0	1	0	0	2		flags=32;	NULL	NULL	InnoDB
81	29	default_collation_id	MULTIPLE	BTREE	0	1	1	0	3		flags=0;	NULL	NULL	InnoDB
#
# Definitions from index_column_usage
SELECT * FROM index_column_usage
WHERE index_id IN (SELECT id FROM indexes
WHERE table_id IN (SELECT id FROM tables
WHERE schema_id= 1
AND name IN ('innodb_table_stats',
'innodb_index_stats',
'character_sets',
'collations',
'tablespaces',
'tablespace_files',
'catalogs',
'schemata',
'tables',
'view_table_usage',
'columns',
'indexes',
'index_column_usage',
'column_type_elements',
'foreign_keys',
'foreign_key_column_usage',
'table_partitions',
'table_partition_values',
'index_partitions',
'version')))
ORDER BY index_id, column_id;
index_id	ordinal_position	column_id	length	order	hidden
1	1	1	4	ASC	0
4	1	7	8	ASC	0
5	1	8	192	ASC	0
6	1	9	8	ASC	0
7	1	12	8	ASC	0
8	1	13	765	ASC	0
9	1	18	8	ASC	0
9	2	19	4	ASC	0
10	1	20	765	ASC	0
11	1	22	8	ASC	0
12	1	23	192	ASC	0
13	1	26	8	ASC	0
14	1	27	8	ASC	0
14	2	28	192	ASC	0
15	1	29	8	ASC	0
18	1	41	8	ASC	0
19	1	42	8	ASC	0
19	2	43	192	ASC	0
20	1	45	192	ASC	0
20	2	53	8	ASC	0
21	1	45	192	ASC	0
22	1	48	8	ASC	0
23	1	54	8	ASC	0
24	1	72	8	ASC	0
24	2	73	192	ASC	0
24	3	74	192	ASC	0
24	4	75	192	ASC	0
25	1	73	192	ASC	0
25	2	74	192	ASC	0
25	3	75	192	ASC	0
26	1	76	8	ASC	0
27	1	77	8	ASC	0
27	2	78	192	ASC	0
28	1	77	8	ASC	0
28	2	79	4	ASC	0
29	1	88	8	ASC	0
30	1	104	8	ASC	0
31	1	105	8	ASC	0
31	2	106	192	ASC	0
32	1	117	8	ASC	0
33	1	119	8	ASC	0
33	2	120	4	ASC	0
34	1	119	8	ASC	0
34	2	121	8	ASC	0
34	3	124	1	ASC	0
35	1	121	8	ASC	0
36	1	125	8	ASC	0
36	2	126	4	ASC	0
37	1	128	8	ASC	0
38	1	129	8	ASC	0
38	2	131	192	ASC	0
39	1	130	8	ASC	0
39	2	131	192	ASC	0
40	1	132	8	ASC	0
41	1	139	8	ASC	0
41	2	140	4	ASC	0
42	1	139	8	ASC	0
42	2	141	8	ASC	0
42	3	142	192	ASC	0
43	1	141	8	ASC	0
44	1	143	8	ASC	0
45	1	144	8	ASC	0
45	2	147	192	ASC	0
46	1	144	8	ASC	0
46	2	145	1	ASC	0
46	3	146	2	ASC	0
47	1	148	192	ASC	0
47	2	152	8	ASC	0
48	1	148	192	ASC	0
49	1	153	8	ASC	0
50	1	154	8	ASC	0
50	2	155	1	ASC	0
50	3	156	1	ASC	0
51	1	159	8	ASC	0
51	2	160	8	ASC	0
52	1	160	8	ASC	0
53	1	163	8	ASC	0
77	1	263	192	ASC	0
77	2	264	597	ASC	0
78	1	269	192	ASC	0
78	2	270	597	ASC	0
78	3	271	192	ASC	0
78	4	273	192	ASC	0
79	1	277	8	ASC	0
80	1	278	192	ASC	0
81	1	279	8	ASC	0
