use mysql;
SET GLOBAL debug= '+d,skip_dd_table_access_check';
#
# Subset of definitions from tables, not including
# timestamps, partitioning, view definitions and
# default values
SELECT
id, name, type, engine, collation_id, comment, hidden,
options, se_private_data, se_private_id, tablespace_id
FROM tables
WHERE id IN (SELECT id FROM tables
WHERE schema_id= 1
AND name IN ('innodb_table_stats',
'innodb_index_stats',
'character_sets',
'collations',
'tablespaces',
'tablespace_files',
'catalogs',
'schemata',
'tables',
'view_table_usage',
'columns',
'indexes',
'index_column_usage',
'column_type_elements',
'foreign_keys',
'foreign_key_column_usage',
'table_partitions',
'table_partition_values',
'index_partitions',
'version'))
ORDER BY id;
id	name	type	engine	collation_id	comment	hidden	options	se_private_data	se_private_id	tablespace_id
1	version	BASE TABLE	InnoDB	83		1	avg_row_length=0;key_block_size=0;keys_disabled=0;pack_record=1;row_type=2;stats_auto_recalc=0;stats_persistent=0;stats_sample_pages=0;	NULL	16	1
3	collations	BASE TABLE	InnoDB	83		1	avg_row_length=0;key_block_size=0;keys_disabled=0;pack_record=1;row_type=2;stats_auto_recalc=0;stats_persistent=0;stats_sample_pages=0;	autoinc=0;version=0;	18	1
4	tablespaces	BASE TABLE	InnoDB	83		1	avg_row_length=0;key_block_size=0;keys_disabled=0;pack_record=1;row_type=2;stats_auto_recalc=0;stats_persistent=0;stats_sample_pages=0;	autoinc=0;version=0;	19	1
5	tablespace_files	BASE TABLE	InnoDB	83		1	avg_row_length=0;key_block_size=0;keys_disabled=0;pack_record=1;row_type=2;stats_auto_recalc=0;stats_persistent=0;stats_sample_pages=0;	NULL	20	1
6	catalogs	BASE TABLE	InnoDB	83		1	avg_row_length=0;key_block_size=0;keys_disabled=0;pack_record=1;row_type=2;stats_auto_recalc=0;stats_persistent=0;stats_sample_pages=0;	autoinc=0;version=0;	21	1
7	schemata	BASE TABLE	InnoDB	83		1	avg_row_length=0;key_block_size=0;keys_disabled=0;pack_record=1;row_type=2;stats_auto_recalc=0;stats_persistent=0;stats_sample_pages=0;	autoinc=0;version=0;	22	1
9	tables	BASE TABLE	InnoDB	83		1	avg_row_length=0;key_block_size=0;keys_disabled=0;pack_record=1;row_type=2;stats_auto_recalc=0;stats_persistent=0;stats_sample_pages=0;	autoinc=0;version=0;	24	1
10	view_table_usage	BASE TABLE	InnoDB	83		1	avg_row_length=0;key_block_size=0;keys_disabled=0;pack_record=1;row_type=2;stats_auto_recalc=0;stats_persistent=0;stats_sample_pages=0;	NULL	25	1
12	columns	BASE TABLE	InnoDB	83		1	avg_row_length=0;key_block_size=0;keys_disabled=0;pack_record=1;row_type=2;stats_auto_recalc=0;stats_persistent=0;stats_sample_pages=0;	autoinc=0;version=0;	27	1
13	indexes	BASE TABLE	InnoDB	83		1	avg_row_length=0;key_block_size=0;keys_disabled=0;pack_record=1;row_type=2;stats_auto_recalc=0;stats_persistent=0;stats_sample_pages=0;	autoinc=0;version=0;	28	1
14	index_column_usage	BASE TABLE	InnoDB	83		1	avg_row_length=0;key_block_size=0;keys_disabled=0;pack_record=1;row_type=2;stats_auto_recalc=0;stats_persistent=0;stats_sample_pages=0;	NULL	29	1
15	column_type_elements	BASE TABLE	InnoDB	83		1	avg_row_length=0;key_block_size=0;keys_disabled=0;pack_record=1;row_type=2;stats_auto_recalc=0;stats_persistent=0;stats_sample_pages=0;	NULL	30	1
16	foreign_keys	BASE TABLE	InnoDB	83		1	avg_row_length=0;key_block_size=0;keys_disabled=0;pack_record=1;row_type=2;stats_auto_recalc=0;stats_persistent=0;stats_sample_pages=0;	autoinc=0;version=0;	31	1
17	foreign_key_column_usage	BASE TABLE	InnoDB	83		1	avg_row_length=0;key_block_size=0;keys_disabled=0;pack_record=1;row_type=2;stats_auto_recalc=0;stats_persistent=0;stats_sample_pages=0;	NULL	32	1
18	table_partitions	BASE TABLE	InnoDB	83		1	avg_row_length=0;key_block_size=0;keys_disabled=0;pack_record=1;row_type=2;stats_auto_recalc=0;stats_persistent=0;stats_sample_pages=0;	autoinc=0;version=0;	33	1
19	table_partition_values	BASE TABLE	InnoDB	83		1	avg_row_length=0;key_block_size=0;keys_disabled=0;pack_record=1;row_type=2;stats_auto_recalc=0;stats_persistent=0;stats_sample_pages=0;	NULL	34	1
20	index_partitions	BASE TABLE	InnoDB	83		1	avg_row_length=0;key_block_size=0;keys_disabled=0;pack_record=1;row_type=2;stats_auto_recalc=0;stats_persistent=0;stats_sample_pages=0;	NULL	35	1
28	innodb_table_stats	BASE TABLE	InnoDB	83		0	avg_row_length=0;key_block_size=0;keys_disabled=0;pack_record=1;row_type=2;stats_auto_recalc=0;stats_persistent=0;stats_sample_pages=0;	NULL	43	1
29	innodb_index_stats	BASE TABLE	InnoDB	83		0	avg_row_length=0;key_block_size=0;keys_disabled=0;pack_record=1;row_type=2;stats_auto_recalc=0;stats_persistent=0;stats_sample_pages=0;	NULL	44	1
31	character_sets	BASE TABLE	InnoDB	83		1	avg_row_length=0;key_block_size=0;keys_disabled=0;pack_record=1;row_type=2;stats_auto_recalc=0;stats_persistent=0;stats_sample_pages=0;	autoinc=255;version=1;	17	1
#
# Subset of definitions from columns, not including
# default_values.
SELECT id, table_id, name, ordinal_position, type, is_nullable,
is_zerofill, is_unsigned, char_length, numeric_precision,
numeric_scale, datetime_precision, collation_id, default_option,
update_option, is_auto_increment, comment, hidden, options,
se_private_data FROM columns
WHERE table_id IN (SELECT id FROM tables
WHERE schema_id= 1
AND name IN ('innodb_table_stats',
'innodb_index_stats',
'character_sets',
'collations',
'tablespaces',
'tablespace_files',
'catalogs',
'schemata',
'tables',
'view_table_usage',
'columns',
'indexes',
'index_column_usage',
'column_type_elements',
'foreign_keys',
'foreign_key_column_usage',
'table_partitions',
'table_partition_values',
'index_partitions',
'version'))
ORDER BY id;
id	table_id	name	ordinal_position	type	is_nullable	is_zerofill	is_unsigned	char_length	numeric_precision	numeric_scale	datetime_precision	collation_id	default_option	update_option	is_auto_increment	comment	hidden	options	se_private_data
1	1	version	1	MYSQL_TYPE_LONG	0	0	1	10	10	0	NULL	83	NULL	NULL	0		0	interval_count=0;	NULL
2	1	DB_TRX_ID	2	MYSQL_TYPE_INT24	0	0	0	6	0	NULL	NULL	63	NULL	NULL	0		1	NULL	NULL
3	1	DB_ROLL_PTR	3	MYSQL_TYPE_LONGLONG	0	0	0	7	0	NULL	NULL	63	NULL	NULL	0		1	NULL	NULL
11	3	id	1	MYSQL_TYPE_LONGLONG	0	0	1	20	20	0	NULL	83	NULL	NULL	1		0	interval_count=0;	NULL
12	3	name	2	MYSQL_TYPE_VARCHAR	0	0	0	192	0	NULL	NULL	33	NULL	NULL	0		0	interval_count=0;	NULL
13	3	character_set_id	3	MYSQL_TYPE_LONGLONG	0	0	1	20	20	0	NULL	83	NULL	NULL	0		0	interval_count=0;	NULL
14	3	is_compiled	4	MYSQL_TYPE_TINY	0	0	0	1	3	0	NULL	83	NULL	NULL	0		0	interval_count=0;	NULL
15	3	sort_length	5	MYSQL_TYPE_LONG	0	0	1	10	10	0	NULL	83	NULL	NULL	0		0	interval_count=0;	NULL
16	3	DB_TRX_ID	6	MYSQL_TYPE_INT24	0	0	0	6	0	NULL	NULL	63	NULL	NULL	0		1	NULL	NULL
17	3	DB_ROLL_PTR	7	MYSQL_TYPE_LONGLONG	0	0	0	7	0	NULL	NULL	63	NULL	NULL	0		1	NULL	NULL
18	4	id	1	MYSQL_TYPE_LONGLONG	0	0	1	20	20	0	NULL	83	NULL	NULL	1		0	interval_count=0;	NULL
19	4	name	2	MYSQL_TYPE_VARCHAR	0	0	0	765	0	NULL	NULL	83	NULL	NULL	0		0	interval_count=0;	NULL
20	4	options	3	MYSQL_TYPE_MEDIUM_BLOB	1	0	0	8	0	NULL	NULL	83	NULL	NULL	0		0	interval_count=0;	NULL
21	4	se_private_data	4	MYSQL_TYPE_MEDIUM_BLOB	1	0	0	8	0	NULL	NULL	83	NULL	NULL	0		0	interval_count=0;	NULL
22	4	comment	5	MYSQL_TYPE_VARCHAR	0	0	0	6144	0	NULL	NULL	83	NULL	NULL	0		0	interval_count=0;	NULL
23	4	engine	6	MYSQL_TYPE_VARCHAR	0	0	0	192	0	NULL	NULL	83	NULL	NULL	0		0	interval_count=0;	NULL
24	4	DB_TRX_ID	7	MYSQL_TYPE_INT24	0	0	0	6	0	NULL	NULL	63	NULL	NULL	0		1	NULL	NULL
25	4	DB_ROLL_PTR	8	MYSQL_TYPE_LONGLONG	0	0	0	7	0	NULL	NULL	63	NULL	NULL	0		1	NULL	NULL
26	5	tablespace_id	1	MYSQL_TYPE_LONGLONG	0	0	1	20	20	0	NULL	83	NULL	NULL	0		0	interval_count=0;	NULL
27	5	ordinal_position	2	MYSQL_TYPE_LONG	0	0	1	10	10	0	NULL	83	NULL	NULL	0		0	interval_count=0;	NULL
28	5	file_name	3	MYSQL_TYPE_VARCHAR	0	0	0	1536	0	NULL	NULL	83	NULL	NULL	0		0	interval_count=0;	NULL
29	5	se_private_data	4	MYSQL_TYPE_MEDIUM_BLOB	1	0	0	8	0	NULL	NULL	83	NULL	NULL	0		0	interval_count=0;	NULL
30	5	DB_TRX_ID	5	MYSQL_TYPE_INT24	0	0	0	6	0	NULL	NULL	63	NULL	NULL	0		1	NULL	NULL
31	5	DB_ROLL_PTR	6	MYSQL_TYPE_LONGLONG	0	0	0	7	0	NULL	NULL	63	NULL	NULL	0		1	NULL	NULL
32	6	id	1	MYSQL_TYPE_LONGLONG	0	0	1	20	20	0	NULL	83	NULL	NULL	1		0	interval_count=0;	NULL
33	6	name	2	MYSQL_TYPE_VARCHAR	0	0	0	192	0	NULL	NULL	83	NULL	NULL	0		0	interval_count=0;	NULL
34	6	created	3	MYSQL_TYPE_TIMESTAMP2	0	0	0	19	0	NULL	0	8	CURRENT_TIMESTAMP	CURRENT_TIMESTAMP	0		0	interval_count=0;	NULL
35	6	last_altered	4	MYSQL_TYPE_TIMESTAMP2	0	0	0	19	0	NULL	0	8	CURRENT_TIMESTAMP	NULL	0		0	interval_count=0;	NULL
36	6	DB_TRX_ID	5	MYSQL_TYPE_INT24	0	0	0	6	0	NULL	NULL	63	NULL	NULL	0		1	NULL	NULL
37	6	DB_ROLL_PTR	6	MYSQL_TYPE_LONGLONG	0	0	0	7	0	NULL	NULL	63	NULL	NULL	0		1	NULL	NULL
38	7	id	1	MYSQL_TYPE_LONGLONG	0	0	1	20	20	0	NULL	83	NULL	NULL	1		0	interval_count=0;	NULL
39	7	catalog_id	2	MYSQL_TYPE_LONGLONG	0	0	1	20	20	0	NULL	83	NULL	NULL	0		0	interval_count=0;	NULL
40	7	name	3	MYSQL_TYPE_VARCHAR	0	0	0	192	0	NULL	NULL	83	NULL	NULL	0		0	interval_count=0;	NULL
41	7	default_collation_id	4	MYSQL_TYPE_LONGLONG	0	0	1	20	20	0	NULL	83	NULL	NULL	0		0	interval_count=0;	NULL
42	7	created	5	MYSQL_TYPE_TIMESTAMP2	0	0	0	19	0	NULL	0	8	CURRENT_TIMESTAMP	CURRENT_TIMESTAMP	0		0	interval_count=0;	NULL
43	7	last_altered	6	MYSQL_TYPE_TIMESTAMP2	0	0	0	19	0	NULL	0	8	CURRENT_TIMESTAMP	NULL	0		0	interval_count=0;	NULL
44	7	DB_TRX_ID	7	MYSQL_TYPE_INT24	0	0	0	6	0	NULL	NULL	63	NULL	NULL	0		1	NULL	NULL
45	7	DB_ROLL_PTR	8	MYSQL_TYPE_LONGLONG	0	0	0	7	0	NULL	NULL	63	NULL	NULL	0		1	NULL	NULL
57	9	id	1	MYSQL_TYPE_LONGLONG	0	0	1	20	20	0	NULL	83	NULL	NULL	1		0	interval_count=0;	NULL
58	9	schema_id	2	MYSQL_TYPE_LONGLONG	0	0	1	20	20	0	NULL	83	NULL	NULL	0		0	interval_count=0;	NULL
59	9	name	3	MYSQL_TYPE_VARCHAR	0	0	0	192	0	NULL	NULL	83	NULL	NULL	0		0	interval_count=0;	NULL
60	9	type	4	MYSQL_TYPE_ENUM	0	0	0	33	0	NULL	NULL	83	NULL	NULL	0		0	interval_count=3;	NULL
61	9	engine	5	MYSQL_TYPE_VARCHAR	0	0	0	192	0	NULL	NULL	33	NULL	NULL	0		0	interval_count=0;	NULL
62	9	mysql_version_id	6	MYSQL_TYPE_LONG	0	0	1	10	10	0	NULL	83	NULL	NULL	0		0	interval_count=0;	NULL
63	9	row_format	7	MYSQL_TYPE_ENUM	1	0	0	30	0	NULL	NULL	83	NULL	NULL	0		0	interval_count=6;	NULL
64	9	collation_id	8	MYSQL_TYPE_LONGLONG	1	0	1	20	20	0	NULL	83	NULL	NULL	0		0	interval_count=0;	NULL
65	9	comment	9	MYSQL_TYPE_VARCHAR	0	0	0	6144	0	NULL	NULL	83	NULL	NULL	0		0	interval_count=0;	NULL
66	9	hidden	10	MYSQL_TYPE_TINY	0	0	0	1	3	0	NULL	83	NULL	NULL	0		0	interval_count=0;	NULL
67	9	options	11	MYSQL_TYPE_MEDIUM_BLOB	1	0	0	8	0	NULL	NULL	63	NULL	NULL	0		0	interval_count=0;	NULL
68	9	se_private_data	12	MYSQL_TYPE_MEDIUM_BLOB	1	0	0	8	0	NULL	NULL	83	NULL	NULL	0		0	interval_count=0;	NULL
69	9	se_private_id	13	MYSQL_TYPE_LONGLONG	1	0	1	20	20	0	NULL	83	NULL	NULL	0		0	interval_count=0;	NULL
70	9	tablespace_id	14	MYSQL_TYPE_LONGLONG	1	0	1	20	20	0	NULL	83	NULL	NULL	0		0	interval_count=0;	NULL
71	9	partition_type	15	MYSQL_TYPE_ENUM	1	0	0	39	0	NULL	NULL	83	NULL	NULL	0		0	interval_count=11;	NULL
72	9	partition_expression	16	MYSQL_TYPE_VARCHAR	1	0	0	6144	0	NULL	NULL	83	NULL	NULL	0		0	interval_count=0;	NULL
73	9	default_partitioning	17	MYSQL_TYPE_ENUM	1	0	0	18	0	NULL	NULL	83	NULL	NULL	0		0	interval_count=3;	NULL
74	9	subpartition_type	18	MYSQL_TYPE_ENUM	1	0	0	39	0	NULL	NULL	83	NULL	NULL	0		0	interval_count=6;	NULL
75	9	subpartition_expression	19	MYSQL_TYPE_VARCHAR	1	0	0	6144	0	NULL	NULL	83	NULL	NULL	0		0	interval_count=0;	NULL
76	9	default_subpartitioning	20	MYSQL_TYPE_ENUM	1	0	0	18	0	NULL	NULL	83	NULL	NULL	0		0	interval_count=3;	NULL
77	9	created	21	MYSQL_TYPE_TIMESTAMP2	0	0	0	19	0	NULL	0	8	CURRENT_TIMESTAMP	CURRENT_TIMESTAMP	0		0	interval_count=0;	NULL
78	9	last_altered	22	MYSQL_TYPE_TIMESTAMP2	0	0	0	19	0	NULL	0	8	CURRENT_TIMESTAMP	NULL	0		0	interval_count=0;	NULL
79	9	view_definition	23	MYSQL_TYPE_LONG_BLOB	1	0	0	8	0	NULL	NULL	63	NULL	NULL	0		0	interval_count=0;	NULL
80	9	view_definition_utf8	24	MYSQL_TYPE_LONG_BLOB	1	0	0	8	0	NULL	NULL	83	NULL	NULL	0		0	interval_count=0;	NULL
81	9	view_check_option	25	MYSQL_TYPE_ENUM	1	0	0	24	0	NULL	NULL	83	NULL	NULL	0		0	interval_count=3;	NULL
82	9	view_is_updatable	26	MYSQL_TYPE_ENUM	1	0	0	9	0	NULL	NULL	83	NULL	NULL	0		0	interval_count=2;	NULL
83	9	view_algorithm	27	MYSQL_TYPE_ENUM	1	0	0	27	0	NULL	NULL	83	NULL	NULL	0		0	interval_count=3;	NULL
84	9	view_security_type	28	MYSQL_TYPE_ENUM	1	0	0	21	0	NULL	NULL	83	NULL	NULL	0		0	interval_count=3;	NULL
85	9	view_definer	29	MYSQL_TYPE_VARCHAR	1	0	0	279	0	NULL	NULL	83	NULL	NULL	0		0	interval_count=0;	NULL
86	9	view_client_collation_id	30	MYSQL_TYPE_LONGLONG	1	0	1	20	20	0	NULL	83	NULL	NULL	0		0	interval_count=0;	NULL
87	9	view_connection_collation_id	31	MYSQL_TYPE_LONGLONG	1	0	1	20	20	0	NULL	83	NULL	NULL	0		0	interval_count=0;	NULL
88	9	view_column_names	32	MYSQL_TYPE_LONG_BLOB	1	0	0	8	0	NULL	NULL	83	NULL	NULL	0		0	interval_count=0;	NULL
89	9	DB_TRX_ID	33	MYSQL_TYPE_INT24	0	0	0	6	0	NULL	NULL	63	NULL	NULL	0		1	NULL	NULL
90	9	DB_ROLL_PTR	34	MYSQL_TYPE_LONGLONG	0	0	0	7	0	NULL	NULL	63	NULL	NULL	0		1	NULL	NULL
91	10	view_id	1	MYSQL_TYPE_LONGLONG	0	0	1	20	20	0	NULL	83	NULL	NULL	0		0	interval_count=0;	NULL
92	10	table_catalog	2	MYSQL_TYPE_VARCHAR	0	0	0	192	0	NULL	NULL	83	NULL	NULL	0		0	interval_count=0;	NULL
93	10	table_schema	3	MYSQL_TYPE_VARCHAR	0	0	0	192	0	NULL	NULL	83	NULL	NULL	0		0	interval_count=0;	NULL
94	10	table_name	4	MYSQL_TYPE_VARCHAR	0	0	0	192	0	NULL	NULL	83	NULL	NULL	0		0	interval_count=0;	NULL
95	10	DB_TRX_ID	5	MYSQL_TYPE_INT24	0	0	0	6	0	NULL	NULL	63	NULL	NULL	0		1	NULL	NULL
96	10	DB_ROLL_PTR	6	MYSQL_TYPE_LONGLONG	0	0	0	7	0	NULL	NULL	63	NULL	NULL	0		1	NULL	NULL
103	12	id	1	MYSQL_TYPE_LONGLONG	0	0	1	20	20	0	NULL	83	NULL	NULL	1		0	interval_count=0;	NULL
104	12	table_id	2	MYSQL_TYPE_LONGLONG	0	0	1	20	20	0	NULL	83	NULL	NULL	0		0	interval_count=0;	NULL
105	12	name	3	MYSQL_TYPE_VARCHAR	0	0	0	192	0	NULL	NULL	76	NULL	NULL	0		0	interval_count=0;	NULL
106	12	ordinal_position	4	MYSQL_TYPE_LONG	0	0	1	10	10	0	NULL	83	NULL	NULL	0		0	interval_count=0;	NULL
107	12	type	5	MYSQL_TYPE_ENUM	0	0	0	66	0	NULL	NULL	83	NULL	NULL	0		0	interval_count=31;	NULL
108	12	is_nullable	6	MYSQL_TYPE_TINY	0	0	0	1	3	0	NULL	83	NULL	NULL	0		0	interval_count=0;	NULL
109	12	is_zerofill	7	MYSQL_TYPE_TINY	1	0	0	1	3	0	NULL	83	NULL	NULL	0		0	interval_count=0;	NULL
110	12	is_unsigned	8	MYSQL_TYPE_TINY	1	0	0	1	3	0	NULL	83	NULL	NULL	0		0	interval_count=0;	NULL
111	12	char_length	9	MYSQL_TYPE_LONG	1	0	1	10	10	0	NULL	83	NULL	NULL	0		0	interval_count=0;	NULL
112	12	numeric_precision	10	MYSQL_TYPE_LONG	1	0	1	10	10	0	NULL	83	NULL	NULL	0		0	interval_count=0;	NULL
113	12	numeric_scale	11	MYSQL_TYPE_LONG	1	0	1	10	10	0	NULL	83	NULL	NULL	0		0	interval_count=0;	NULL
114	12	datetime_precision	12	MYSQL_TYPE_LONG	1	0	1	10	10	0	NULL	83	NULL	NULL	0		0	interval_count=0;	NULL
115	12	collation_id	13	MYSQL_TYPE_LONGLONG	1	0	1	20	20	0	NULL	83	NULL	NULL	0		0	interval_count=0;	NULL
116	12	has_no_default	14	MYSQL_TYPE_TINY	1	0	0	1	3	0	NULL	83	NULL	NULL	0		0	interval_count=0;	NULL
117	12	default_value	15	MYSQL_TYPE_BLOB	1	0	0	8	0	NULL	NULL	63	NULL	NULL	0		0	interval_count=0;	NULL
118	12	default_value_utf8	16	MYSQL_TYPE_BLOB	1	0	0	8	0	NULL	NULL	83	NULL	NULL	0		0	interval_count=0;	NULL
119	12	default_option	17	MYSQL_TYPE_BLOB	1	0	0	8	0	NULL	NULL	63	NULL	NULL	0		0	interval_count=0;	NULL
120	12	update_option	18	MYSQL_TYPE_VARCHAR	1	0	0	96	0	NULL	NULL	83	NULL	NULL	0		0	interval_count=0;	NULL
121	12	is_auto_increment	19	MYSQL_TYPE_TINY	1	0	0	1	3	0	NULL	83	NULL	NULL	0		0	interval_count=0;	NULL
122	12	is_virtual	20	MYSQL_TYPE_TINY	1	0	0	1	3	0	NULL	83	NULL	NULL	0		0	interval_count=0;	NULL
123	12	generation_expression	21	MYSQL_TYPE_LONG_BLOB	1	0	0	8	0	NULL	NULL	63	NULL	NULL	0		0	interval_count=0;	NULL
124	12	generation_expression_utf8	22	MYSQL_TYPE_LONG_BLOB	1	0	0	8	0	NULL	NULL	83	NULL	NULL	0		0	interval_count=0;	NULL
125	12	comment	23	MYSQL_TYPE_VARCHAR	0	0	0	6144	0	NULL	NULL	83	NULL	NULL	0		0	interval_count=0;	NULL
126	12	hidden	24	MYSQL_TYPE_TINY	0	0	0	1	3	0	NULL	83	NULL	NULL	0		0	interval_count=0;	NULL
127	12	options	25	MYSQL_TYPE_MEDIUM_BLOB	1	0	0	8	0	NULL	NULL	83	NULL	NULL	0		0	interval_count=0;	NULL
128	12	se_private_data	26	MYSQL_TYPE_MEDIUM_BLOB	1	0	0	8	0	NULL	NULL	83	NULL	NULL	0		0	interval_count=0;	NULL
129	12	column_key	27	MYSQL_TYPE_ENUM	0	0	0	9	0	NULL	NULL	83	NULL	NULL	0		0	interval_count=4;	NULL
130	12	column_type_utf8	28	MYSQL_TYPE_MEDIUM_BLOB	0	0	0	8	0	NULL	NULL	83	NULL	NULL	0		0	interval_count=0;	NULL
131	12	DB_TRX_ID	29	MYSQL_TYPE_INT24	0	0	0	6	0	NULL	NULL	63	NULL	NULL	0		1	NULL	NULL
132	12	DB_ROLL_PTR	30	MYSQL_TYPE_LONGLONG	0	0	0	7	0	NULL	NULL	63	NULL	NULL	0		1	NULL	NULL
133	13	id	1	MYSQL_TYPE_LONGLONG	0	0	1	20	20	0	NULL	83	NULL	NULL	1		0	interval_count=0;	NULL
134	13	table_id	2	MYSQL_TYPE_LONGLONG	0	0	1	20	20	0	NULL	83	NULL	NULL	0		0	interval_count=0;	NULL
135	13	name	3	MYSQL_TYPE_VARCHAR	0	0	0	192	0	NULL	NULL	76	NULL	NULL	0		0	interval_count=0;	NULL
136	13	type	4	MYSQL_TYPE_ENUM	0	0	0	24	0	NULL	NULL	83	NULL	NULL	0		0	interval_count=5;	NULL
137	13	algorithm	5	MYSQL_TYPE_ENUM	0	0	0	33	0	NULL	NULL	83	NULL	NULL	0		0	interval_count=5;	NULL
138	13	is_algorithm_explicit	6	MYSQL_TYPE_TINY	0	0	0	1	3	0	NULL	83	NULL	NULL	0		0	interval_count=0;	NULL
139	13	is_visible	7	MYSQL_TYPE_TINY	0	0	0	1	3	0	NULL	83	NULL	NULL	0		0	interval_count=0;	NULL
140	13	is_generated	8	MYSQL_TYPE_TINY	0	0	0	1	3	0	NULL	83	NULL	NULL	0		0	interval_count=0;	NULL
141	13	hidden	9	MYSQL_TYPE_TINY	0	0	0	1	3	0	NULL	83	NULL	NULL	0		0	interval_count=0;	NULL
142	13	ordinal_position	10	MYSQL_TYPE_LONG	0	0	1	10	10	0	NULL	83	NULL	NULL	0		0	interval_count=0;	NULL
143	13	comment	11	MYSQL_TYPE_VARCHAR	0	0	0	6144	0	NULL	NULL	83	NULL	NULL	0		0	interval_count=0;	NULL
144	13	options	12	MYSQL_TYPE_MEDIUM_BLOB	1	0	0	8	0	NULL	NULL	83	NULL	NULL	0		0	interval_count=0;	NULL
145	13	se_private_data	13	MYSQL_TYPE_MEDIUM_BLOB	1	0	0	8	0	NULL	NULL	83	NULL	NULL	0		0	interval_count=0;	NULL
146	13	tablespace_id	14	MYSQL_TYPE_LONGLONG	1	0	1	20	20	0	NULL	83	NULL	NULL	0		0	interval_count=0;	NULL
147	13	engine	15	MYSQL_TYPE_VARCHAR	0	0	0	192	0	NULL	NULL	83	NULL	NULL	0		0	interval_count=0;	NULL
148	13	DB_TRX_ID	16	MYSQL_TYPE_INT24	0	0	0	6	0	NULL	NULL	63	NULL	NULL	0		1	NULL	NULL
149	13	DB_ROLL_PTR	17	MYSQL_TYPE_LONGLONG	0	0	0	7	0	NULL	NULL	63	NULL	NULL	0		1	NULL	NULL
150	14	index_id	1	MYSQL_TYPE_LONGLONG	0	0	1	20	20	0	NULL	83	NULL	NULL	0		0	interval_count=0;	NULL
151	14	ordinal_position	2	MYSQL_TYPE_LONG	0	0	1	10	10	0	NULL	83	NULL	NULL	0		0	interval_count=0;	NULL
152	14	column_id	3	MYSQL_TYPE_LONGLONG	0	0	1	20	20	0	NULL	83	NULL	NULL	0		0	interval_count=0;	NULL
153	14	length	4	MYSQL_TYPE_LONG	1	0	1	10	10	0	NULL	83	NULL	NULL	0		0	interval_count=0;	NULL
154	14	order	5	MYSQL_TYPE_ENUM	0	0	0	15	0	NULL	NULL	83	NULL	NULL	0		0	interval_count=3;	NULL
155	14	hidden	6	MYSQL_TYPE_TINY	0	0	0	1	3	0	NULL	83	NULL	NULL	0		0	interval_count=0;	NULL
156	14	DB_TRX_ID	7	MYSQL_TYPE_INT24	0	0	0	6	0	NULL	NULL	63	NULL	NULL	0		1	NULL	NULL
157	14	DB_ROLL_PTR	8	MYSQL_TYPE_LONGLONG	0	0	0	7	0	NULL	NULL	63	NULL	NULL	0		1	NULL	NULL
158	15	column_id	1	MYSQL_TYPE_LONGLONG	0	0	1	20	20	0	NULL	83	NULL	NULL	0		0	interval_count=0;	NULL
159	15	element_index	2	MYSQL_TYPE_LONG	0	0	1	10	10	0	NULL	83	NULL	NULL	0		0	interval_count=0;	NULL
160	15	name	3	MYSQL_TYPE_VARCHAR	0	0	0	255	0	NULL	NULL	63	NULL	NULL	0		0	interval_count=0;	NULL
161	15	DB_TRX_ID	4	MYSQL_TYPE_INT24	0	0	0	6	0	NULL	NULL	63	NULL	NULL	0		1	NULL	NULL
162	15	DB_ROLL_PTR	5	MYSQL_TYPE_LONGLONG	0	0	0	7	0	NULL	NULL	63	NULL	NULL	0		1	NULL	NULL
163	16	id	1	MYSQL_TYPE_LONGLONG	0	0	1	20	20	0	NULL	83	NULL	NULL	1		0	interval_count=0;	NULL
164	16	schema_id	2	MYSQL_TYPE_LONGLONG	0	0	1	20	20	0	NULL	83	NULL	NULL	0		0	interval_count=0;	NULL
165	16	table_id	3	MYSQL_TYPE_LONGLONG	0	0	1	20	20	0	NULL	83	NULL	NULL	0		0	interval_count=0;	NULL
166	16	name	4	MYSQL_TYPE_VARCHAR	0	0	0	192	0	NULL	NULL	33	NULL	NULL	0		0	interval_count=0;	NULL
167	16	unique_constraint_id	5	MYSQL_TYPE_LONGLONG	0	0	1	20	20	0	NULL	83	NULL	NULL	0		0	interval_count=0;	NULL
168	16	match_option	6	MYSQL_TYPE_ENUM	0	0	0	21	0	NULL	NULL	83	NULL	NULL	0		0	interval_count=3;	NULL
169	16	update_rule	7	MYSQL_TYPE_ENUM	0	0	0	33	0	NULL	NULL	83	NULL	NULL	0		0	interval_count=5;	NULL
170	16	delete_rule	8	MYSQL_TYPE_ENUM	0	0	0	33	0	NULL	NULL	83	NULL	NULL	0		0	interval_count=5;	NULL
171	16	referenced_table_catalog	9	MYSQL_TYPE_VARCHAR	0	0	0	192	0	NULL	NULL	83	NULL	NULL	0		0	interval_count=0;	NULL
172	16	referenced_table_schema	10	MYSQL_TYPE_VARCHAR	0	0	0	192	0	NULL	NULL	83	NULL	NULL	0		0	interval_count=0;	NULL
173	16	referenced_table_name	11	MYSQL_TYPE_VARCHAR	0	0	0	192	0	NULL	NULL	83	NULL	NULL	0		0	interval_count=0;	NULL
174	16	DB_TRX_ID	12	MYSQL_TYPE_INT24	0	0	0	6	0	NULL	NULL	63	NULL	NULL	0		1	NULL	NULL
175	16	DB_ROLL_PTR	13	MYSQL_TYPE_LONGLONG	0	0	0	7	0	NULL	NULL	63	NULL	NULL	0		1	NULL	NULL
176	17	foreign_key_id	1	MYSQL_TYPE_LONGLONG	0	0	1	20	20	0	NULL	83	NULL	NULL	0		0	interval_count=0;	NULL
177	17	ordinal_position	2	MYSQL_TYPE_LONG	0	0	1	10	10	0	NULL	83	NULL	NULL	0		0	interval_count=0;	NULL
178	17	column_id	3	MYSQL_TYPE_LONGLONG	0	0	1	20	20	0	NULL	83	NULL	NULL	0		0	interval_count=0;	NULL
179	17	referenced_column_name	4	MYSQL_TYPE_VARCHAR	0	0	0	192	0	NULL	NULL	76	NULL	NULL	0		0	interval_count=0;	NULL
180	17	DB_TRX_ID	5	MYSQL_TYPE_INT24	0	0	0	6	0	NULL	NULL	63	NULL	NULL	0		1	NULL	NULL
181	17	DB_ROLL_PTR	6	MYSQL_TYPE_LONGLONG	0	0	0	7	0	NULL	NULL	63	NULL	NULL	0		1	NULL	NULL
182	18	id	1	MYSQL_TYPE_LONGLONG	0	0	1	20	20	0	NULL	83	NULL	NULL	1		0	interval_count=0;	NULL
183	18	table_id	2	MYSQL_TYPE_LONGLONG	0	0	1	20	20	0	NULL	83	NULL	NULL	0		0	interval_count=0;	NULL
184	18	level	3	MYSQL_TYPE_TINY	0	0	1	3	3	0	NULL	83	NULL	NULL	0		0	interval_count=0;	NULL
185	18	number	4	MYSQL_TYPE_SHORT	0	0	1	5	5	0	NULL	83	NULL	NULL	0		0	interval_count=0;	NULL
186	18	name	5	MYSQL_TYPE_VARCHAR	0	0	0	192	0	NULL	NULL	76	NULL	NULL	0		0	interval_count=0;	NULL
187	18	engine	6	MYSQL_TYPE_VARCHAR	0	0	0	192	0	NULL	NULL	83	NULL	NULL	0		0	interval_count=0;	NULL
188	18	comment	7	MYSQL_TYPE_VARCHAR	0	0	0	6144	0	NULL	NULL	83	NULL	NULL	0		0	interval_count=0;	NULL
189	18	options	8	MYSQL_TYPE_MEDIUM_BLOB	1	0	0	8	0	NULL	NULL	83	NULL	NULL	0		0	interval_count=0;	NULL
190	18	se_private_data	9	MYSQL_TYPE_MEDIUM_BLOB	1	0	0	8	0	NULL	NULL	83	NULL	NULL	0		0	interval_count=0;	NULL
191	18	se_private_id	10	MYSQL_TYPE_LONGLONG	1	0	1	20	20	0	NULL	83	NULL	NULL	0		0	interval_count=0;	NULL
192	18	tablespace_id	11	MYSQL_TYPE_LONGLONG	1	0	1	20	20	0	NULL	83	NULL	NULL	0		0	interval_count=0;	NULL
193	18	DB_TRX_ID	12	MYSQL_TYPE_INT24	0	0	0	6	0	NULL	NULL	63	NULL	NULL	0		1	NULL	NULL
194	18	DB_ROLL_PTR	13	MYSQL_TYPE_LONGLONG	0	0	0	7	0	NULL	NULL	63	NULL	NULL	0		1	NULL	NULL
195	19	partition_id	1	MYSQL_TYPE_LONGLONG	0	0	1	20	20	0	NULL	83	NULL	NULL	0		0	interval_count=0;	NULL
196	19	list_num	2	MYSQL_TYPE_TINY	0	0	1	3	3	0	NULL	83	NULL	NULL	0		0	interval_count=0;	NULL
197	19	column_num	3	MYSQL_TYPE_TINY	0	0	1	3	3	0	NULL	83	NULL	NULL	0		0	interval_count=0;	NULL
198	19	value_utf8	4	MYSQL_TYPE_BLOB	1	0	0	8	0	NULL	NULL	83	NULL	NULL	0		0	interval_count=0;	NULL
199	19	max_value	5	MYSQL_TYPE_TINY	0	0	0	1	3	0	NULL	83	NULL	NULL	0		0	interval_count=0;	NULL
200	19	DB_TRX_ID	6	MYSQL_TYPE_INT24	0	0	0	6	0	NULL	NULL	63	NULL	NULL	0		1	NULL	NULL
201	19	DB_ROLL_PTR	7	MYSQL_TYPE_LONGLONG	0	0	0	7	0	NULL	NULL	63	NULL	NULL	0		1	NULL	NULL
202	20	partition_id	1	MYSQL_TYPE_LONGLONG	0	0	1	20	20	0	NULL	83	NULL	NULL	0		0	interval_count=0;	NULL
203	20	index_id	2	MYSQL_TYPE_LONGLONG	0	0	1	20	20	0	NULL	83	NULL	NULL	0		0	interval_count=0;	NULL
204	20	options	3	MYSQL_TYPE_MEDIUM_BLOB	1	0	0	8	0	NULL	NULL	83	NULL	NULL	0		0	interval_count=0;	NULL
205	20	se_private_data	4	MYSQL_TYPE_MEDIUM_BLOB	1	0	0	8	0	NULL	NULL	83	NULL	NULL	0		0	interval_count=0;	NULL
206	20	tablespace_id	5	MYSQL_TYPE_LONGLONG	1	0	1	20	20	0	NULL	83	NULL	NULL	0		0	interval_count=0;	NULL
207	20	DB_TRX_ID	6	MYSQL_TYPE_INT24	0	0	0	6	0	NULL	NULL	63	NULL	NULL	0		1	NULL	NULL
208	20	DB_ROLL_PTR	7	MYSQL_TYPE_LONGLONG	0	0	0	7	0	NULL	NULL	63	NULL	NULL	0		1	NULL	NULL
322	28	database_name	1	MYSQL_TYPE_VARCHAR	0	0	0	192	0	NULL	NULL	83	NULL	NULL	0		0	interval_count=0;	NULL
323	28	table_name	2	MYSQL_TYPE_VARCHAR	0	0	0	597	0	NULL	NULL	83	NULL	NULL	0		0	interval_count=0;	NULL
324	28	last_update	3	MYSQL_TYPE_TIMESTAMP2	0	0	0	19	0	NULL	0	8	CURRENT_TIMESTAMP	CURRENT_TIMESTAMP	0		0	interval_count=0;	NULL
325	28	n_rows	4	MYSQL_TYPE_LONGLONG	0	0	1	20	20	0	NULL	83	NULL	NULL	0		0	interval_count=0;	NULL
326	28	clustered_index_size	5	MYSQL_TYPE_LONGLONG	0	0	1	20	20	0	NULL	83	NULL	NULL	0		0	interval_count=0;	NULL
327	28	sum_of_other_index_sizes	6	MYSQL_TYPE_LONGLONG	0	0	1	20	20	0	NULL	83	NULL	NULL	0		0	interval_count=0;	NULL
328	28	DB_TRX_ID	7	MYSQL_TYPE_INT24	0	0	0	6	0	NULL	NULL	63	NULL	NULL	0		1	NULL	NULL
329	28	DB_ROLL_PTR	8	MYSQL_TYPE_LONGLONG	0	0	0	7	0	NULL	NULL	63	NULL	NULL	0		1	NULL	NULL
330	29	database_name	1	MYSQL_TYPE_VARCHAR	0	0	0	192	0	NULL	NULL	83	NULL	NULL	0		0	interval_count=0;	NULL
331	29	table_name	2	MYSQL_TYPE_VARCHAR	0	0	0	597	0	NULL	NULL	83	NULL	NULL	0		0	interval_count=0;	NULL
332	29	index_name	3	MYSQL_TYPE_VARCHAR	0	0	0	192	0	NULL	NULL	83	NULL	NULL	0		0	interval_count=0;	NULL
333	29	last_update	4	MYSQL_TYPE_TIMESTAMP2	0	0	0	19	0	NULL	0	8	CURRENT_TIMESTAMP	CURRENT_TIMESTAMP	0		0	interval_count=0;	NULL
334	29	stat_name	5	MYSQL_TYPE_VARCHAR	0	0	0	192	0	NULL	NULL	83	NULL	NULL	0		0	interval_count=0;	NULL
335	29	stat_value	6	MYSQL_TYPE_LONGLONG	0	0	1	20	20	0	NULL	83	NULL	NULL	0		0	interval_count=0;	NULL
336	29	sample_size	7	MYSQL_TYPE_LONGLONG	1	0	1	20	20	0	NULL	83	NULL	NULL	0		0	interval_count=0;	NULL
337	29	stat_description	8	MYSQL_TYPE_VARCHAR	0	0	0	3072	0	NULL	NULL	83	NULL	NULL	0		0	interval_count=0;	NULL
338	29	DB_TRX_ID	9	MYSQL_TYPE_INT24	0	0	0	6	0	NULL	NULL	63	NULL	NULL	0		1	NULL	NULL
339	29	DB_ROLL_PTR	10	MYSQL_TYPE_LONGLONG	0	0	0	7	0	NULL	NULL	63	NULL	NULL	0		1	NULL	NULL
344	31	id	1	MYSQL_TYPE_LONGLONG	0	0	1	20	20	0	NULL	8	NULL	NULL	1		0	interval_count=0;	NULL
345	31	name	2	MYSQL_TYPE_VARCHAR	0	0	0	192	0	NULL	NULL	33	NULL	NULL	0		0	interval_count=0;	NULL
346	31	default_collation_id	3	MYSQL_TYPE_LONGLONG	0	0	1	20	20	0	NULL	8	NULL	NULL	0		0	interval_count=0;	NULL
347	31	comment	4	MYSQL_TYPE_VARCHAR	0	0	0	6144	0	NULL	NULL	83	NULL	NULL	0		0	interval_count=0;	NULL
348	31	mb_max_length	5	MYSQL_TYPE_LONG	0	0	1	10	10	0	NULL	8	NULL	NULL	0		0	interval_count=0;	NULL
349	31	DB_TRX_ID	6	MYSQL_TYPE_INT24	0	0	0	6	0	NULL	NULL	63	NULL	NULL	0		1	NULL	NULL
350	31	DB_ROLL_PTR	7	MYSQL_TYPE_LONGLONG	0	0	0	7	0	NULL	NULL	63	NULL	NULL	0		1	NULL	NULL
#
# Definitions from indexes
SELECT * FROM indexes
WHERE table_id IN (SELECT id FROM tables
WHERE schema_id= 1
AND name IN ('innodb_table_stats',
'innodb_index_stats',
'character_sets',
'collations',
'tablespaces',
'tablespace_files',
'catalogs',
'schemata',
'tables',
'view_table_usage',
'columns',
'indexes',
'index_column_usage',
'column_type_elements',
'foreign_keys',
'foreign_key_column_usage',
'table_partitions',
'table_partition_values',
'index_partitions',
'version'))
ORDER BY id;
id	table_id	name	type	algorithm	is_algorithm_explicit	is_visible	is_generated	hidden	ordinal_position	comment	options	se_private_data	tablespace_id	engine
1	1	PRIMARY	PRIMARY	BTREE	0	1	0	0	1		flags=0;	id=18;root=3;trx_id=0;	1	InnoDB
4	3	PRIMARY	PRIMARY	BTREE	0	1	0	0	1		flags=0;	id=21;root=6;trx_id=0;	1	InnoDB
5	3	name	UNIQUE	BTREE	0	1	0	0	2		flags=32;	id=22;root=7;trx_id=0;	1	InnoDB
6	3	character_set_id	MULTIPLE	BTREE	0	1	1	0	3		flags=0;	id=23;root=8;trx_id=0;	1	InnoDB
7	4	PRIMARY	PRIMARY	BTREE	0	1	0	0	1		flags=0;	id=24;root=9;trx_id=0;	1	InnoDB
8	4	name	UNIQUE	BTREE	0	1	0	0	2		flags=32;	id=25;root=10;trx_id=0;	1	InnoDB
9	5	tablespace_id	UNIQUE	BTREE	0	1	0	0	1		flags=0;	id=26;root=11;trx_id=0;	1	InnoDB
10	5	file_name	UNIQUE	BTREE	0	1	0	0	2		flags=32;	id=27;root=12;trx_id=0;	1	InnoDB
11	6	PRIMARY	PRIMARY	BTREE	0	1	0	0	1		flags=0;	id=28;root=13;trx_id=0;	1	InnoDB
12	6	name	UNIQUE	BTREE	0	1	0	0	2		flags=32;	id=29;root=14;trx_id=0;	1	InnoDB
13	7	PRIMARY	PRIMARY	BTREE	0	1	0	0	1		flags=0;	id=30;root=15;trx_id=0;	1	InnoDB
14	7	catalog_id	UNIQUE	BTREE	0	1	0	0	2		flags=32;	id=31;root=16;trx_id=0;	1	InnoDB
15	7	default_collation_id	MULTIPLE	BTREE	0	1	1	0	3		flags=0;	id=32;root=17;trx_id=0;	1	InnoDB
18	9	PRIMARY	PRIMARY	BTREE	0	1	0	0	1		flags=0;	id=35;root=20;trx_id=0;	1	InnoDB
19	9	schema_id	UNIQUE	BTREE	0	1	0	0	2		flags=32;	id=36;root=21;trx_id=0;	1	InnoDB
20	9	engine	UNIQUE	BTREE	0	1	0	0	3		flags=32;	id=37;root=22;trx_id=0;	1	InnoDB
21	9	engine_2	MULTIPLE	BTREE	0	1	0	0	4		flags=32;	id=38;root=23;trx_id=0;	1	InnoDB
22	9	collation_id	MULTIPLE	BTREE	0	1	1	0	5		flags=0;	id=39;root=24;trx_id=0;	1	InnoDB
23	9	tablespace_id	MULTIPLE	BTREE	0	1	1	0	6		flags=0;	id=40;root=25;trx_id=0;	1	InnoDB
24	10	PRIMARY	PRIMARY	BTREE	0	1	0	0	1		flags=32;	id=41;root=26;trx_id=0;	1	InnoDB
25	10	table_catalog	MULTIPLE	BTREE	0	1	0	0	2		flags=32;	id=42;root=27;trx_id=0;	1	InnoDB
28	12	PRIMARY	PRIMARY	BTREE	0	1	0	0	1		flags=0;	id=45;root=30;trx_id=0;	1	InnoDB
29	12	table_id	UNIQUE	BTREE	0	1	0	0	2		flags=32;	id=46;root=31;trx_id=0;	1	InnoDB
30	12	table_id_2	UNIQUE	BTREE	0	1	0	0	3		flags=0;	id=47;root=32;trx_id=0;	1	InnoDB
31	12	collation_id	MULTIPLE	BTREE	0	1	1	0	4		flags=0;	id=48;root=33;trx_id=0;	1	InnoDB
32	13	PRIMARY	PRIMARY	BTREE	0	1	0	0	1		flags=0;	id=49;root=34;trx_id=0;	1	InnoDB
33	13	table_id	UNIQUE	BTREE	0	1	0	0	2		flags=32;	id=50;root=35;trx_id=0;	1	InnoDB
34	13	tablespace_id	MULTIPLE	BTREE	0	1	1	0	3		flags=0;	id=51;root=36;trx_id=0;	1	InnoDB
35	14	index_id	UNIQUE	BTREE	0	1	0	0	1		flags=0;	id=52;root=37;trx_id=0;	1	InnoDB
36	14	index_id_2	UNIQUE	BTREE	0	1	0	0	2		flags=0;	id=53;root=38;trx_id=0;	1	InnoDB
37	14	f2	MULTIPLE	BTREE	0	1	1	0	3		flags=0;	id=54;root=39;trx_id=0;	1	InnoDB
38	15	PRIMARY	PRIMARY	BTREE	0	1	0	0	1		flags=0;	id=55;root=40;trx_id=0;	1	InnoDB
39	16	PRIMARY	PRIMARY	BTREE	0	1	0	0	1		flags=0;	id=56;root=41;trx_id=0;	1	InnoDB
40	16	schema_id	UNIQUE	BTREE	0	1	0	0	2		flags=32;	id=57;root=42;trx_id=0;	1	InnoDB
41	16	table_id	UNIQUE	BTREE	0	1	0	0	3		flags=32;	id=58;root=43;trx_id=0;	1	InnoDB
42	16	referenced_table_catalog	MULTIPLE	BTREE	0	1	0	0	4		flags=32;	id=59;root=44;trx_id=0;	1	InnoDB
43	16	unique_constraint_id	MULTIPLE	BTREE	0	1	1	0	5		flags=0;	id=60;root=45;trx_id=0;	1	InnoDB
44	17	PRIMARY	PRIMARY	BTREE	0	1	0	0	1		flags=0;	id=61;root=47;trx_id=0;	1	InnoDB
45	17	foreign_key_id	UNIQUE	BTREE	0	1	0	0	2		flags=32;	id=62;root=48;trx_id=0;	1	InnoDB
46	17	column_id	MULTIPLE	BTREE	0	1	1	0	3		flags=0;	id=63;root=49;trx_id=0;	1	InnoDB
47	18	PRIMARY	PRIMARY	BTREE	0	1	0	0	1		flags=0;	id=64;root=50;trx_id=0;	1	InnoDB
48	18	table_id	UNIQUE	BTREE	0	1	0	0	2		flags=32;	id=65;root=51;trx_id=0;	1	InnoDB
49	18	table_id_2	UNIQUE	BTREE	0	1	0	0	3		flags=0;	id=66;root=52;trx_id=0;	1	InnoDB
50	18	engine	UNIQUE	BTREE	0	1	0	0	4		flags=32;	id=67;root=53;trx_id=0;	1	InnoDB
51	18	engine_2	MULTIPLE	BTREE	0	1	0	0	5		flags=32;	id=68;root=54;trx_id=0;	1	InnoDB
52	18	tablespace_id	MULTIPLE	BTREE	0	1	1	0	6		flags=0;	id=69;root=55;trx_id=0;	1	InnoDB
53	19	PRIMARY	PRIMARY	BTREE	0	1	0	0	1		flags=0;	id=70;root=56;trx_id=0;	1	InnoDB
54	20	PRIMARY	PRIMARY	BTREE	0	1	0	0	1		flags=0;	id=71;root=57;trx_id=0;	1	InnoDB
55	20	index_id	MULTIPLE	BTREE	0	1	1	0	2		flags=0;	id=72;root=58;trx_id=0;	1	InnoDB
56	20	tablespace_id	MULTIPLE	BTREE	0	1	1	0	3		flags=0;	id=73;root=59;trx_id=0;	1	InnoDB
80	28	PRIMARY	PRIMARY	BTREE	0	1	0	0	1		flags=32;	id=97;root=83;trx_id=0;	1	InnoDB
81	29	PRIMARY	PRIMARY	BTREE	0	1	0	0	1		flags=32;	id=98;root=84;trx_id=0;	1	InnoDB
83	31	PRIMARY	PRIMARY	BTREE	0	1	0	0	1		flags=0;	id=19;root=4;trx_id=772;	1	InnoDB
84	31	name	UNIQUE	BTREE	0	1	0	0	2		flags=32;	id=20;root=5;trx_id=772;	1	InnoDB
85	31	default_collation_id	MULTIPLE	BTREE	0	1	1	0	3		flags=0;	id=100;root=98;trx_id=809;	1	InnoDB
#
# Definitions from index_column_usage
SELECT * FROM index_column_usage
WHERE index_id IN (SELECT id FROM indexes
WHERE table_id IN (SELECT id FROM tables
WHERE schema_id= 1
AND name IN ('innodb_table_stats',
'innodb_index_stats',
'character_sets',
'collations',
'tablespaces',
'tablespace_files',
'catalogs',
'schemata',
'tables',
'view_table_usage',
'columns',
'indexes',
'index_column_usage',
'column_type_elements',
'foreign_keys',
'foreign_key_column_usage',
'table_partitions',
'table_partition_values',
'index_partitions',
'version')))
ORDER BY index_id, column_id;
index_id	ordinal_position	column_id	length	order	hidden
1	1	1	4	ASC	0
1	2	2	NULL	ASC	1
1	3	3	NULL	ASC	1
4	1	11	8	ASC	0
4	4	12	NULL	ASC	1
4	5	13	NULL	ASC	1
4	6	14	NULL	ASC	1
4	7	15	NULL	ASC	1
4	2	16	NULL	ASC	1
4	3	17	NULL	ASC	1
5	2	11	NULL	ASC	1
5	1	12	192	ASC	0
6	2	11	NULL	ASC	1
6	1	13	8	ASC	0
7	1	18	8	ASC	0
7	4	19	NULL	ASC	1
7	5	20	NULL	ASC	1
7	6	21	NULL	ASC	1
7	7	22	NULL	ASC	1
7	8	23	NULL	ASC	1
7	2	24	NULL	ASC	1
7	3	25	NULL	ASC	1
8	2	18	NULL	ASC	1
8	1	19	765	ASC	0
9	1	26	8	ASC	0
9	2	27	4	ASC	0
9	5	28	NULL	ASC	1
9	6	29	NULL	ASC	1
9	3	30	NULL	ASC	1
9	4	31	NULL	ASC	1
10	2	26	NULL	ASC	1
10	3	27	NULL	ASC	1
10	1	28	1536	ASC	0
11	1	32	8	ASC	0
11	4	33	NULL	ASC	1
11	5	34	NULL	ASC	1
11	6	35	NULL	ASC	1
11	2	36	NULL	ASC	1
11	3	37	NULL	ASC	1
12	2	32	NULL	ASC	1
12	1	33	192	ASC	0
13	1	38	8	ASC	0
13	4	39	NULL	ASC	1
13	5	40	NULL	ASC	1
13	6	41	NULL	ASC	1
13	7	42	NULL	ASC	1
13	8	43	NULL	ASC	1
13	2	44	NULL	ASC	1
13	3	45	NULL	ASC	1
14	3	38	NULL	ASC	1
14	1	39	8	ASC	0
14	2	40	192	ASC	0
15	2	38	NULL	ASC	1
15	1	41	8	ASC	0
18	1	57	8	ASC	0
18	4	58	NULL	ASC	1
18	5	59	NULL	ASC	1
18	6	60	NULL	ASC	1
18	7	61	NULL	ASC	1
18	8	62	NULL	ASC	1
18	9	63	NULL	ASC	1
18	10	64	NULL	ASC	1
18	11	65	NULL	ASC	1
18	12	66	NULL	ASC	1
18	13	67	NULL	ASC	1
18	14	68	NULL	ASC	1
18	15	69	NULL	ASC	1
18	16	70	NULL	ASC	1
18	17	71	NULL	ASC	1
18	18	72	NULL	ASC	1
18	19	73	NULL	ASC	1
18	20	74	NULL	ASC	1
18	21	75	NULL	ASC	1
18	22	76	NULL	ASC	1
18	23	77	NULL	ASC	1
18	24	78	NULL	ASC	1
18	25	79	NULL	ASC	1
18	26	80	NULL	ASC	1
18	27	81	NULL	ASC	1
18	28	82	NULL	ASC	1
18	29	83	NULL	ASC	1
18	30	84	NULL	ASC	1
18	31	85	NULL	ASC	1
18	32	86	NULL	ASC	1
18	33	87	NULL	ASC	1
18	34	88	NULL	ASC	1
18	2	89	NULL	ASC	1
18	3	90	NULL	ASC	1
19	3	57	NULL	ASC	1
19	1	58	8	ASC	0
19	2	59	192	ASC	0
20	3	57	NULL	ASC	1
20	1	61	192	ASC	0
20	2	69	8	ASC	0
21	2	57	NULL	ASC	1
21	1	61	192	ASC	0
22	2	57	NULL	ASC	1
22	1	64	8	ASC	0
23	2	57	NULL	ASC	1
23	1	70	8	ASC	0
24	1	91	8	ASC	0
24	2	92	192	ASC	0
24	3	93	192	ASC	0
24	4	94	192	ASC	0
24	5	95	NULL	ASC	1
24	6	96	NULL	ASC	1
25	4	91	NULL	ASC	1
25	1	92	192	ASC	0
25	2	93	192	ASC	0
25	3	94	192	ASC	0
28	1	103	8	ASC	0
28	4	104	NULL	ASC	1
28	5	105	NULL	ASC	1
28	6	106	NULL	ASC	1
28	7	107	NULL	ASC	1
28	8	108	NULL	ASC	1
28	9	109	NULL	ASC	1
28	10	110	NULL	ASC	1
28	11	111	NULL	ASC	1
28	12	112	NULL	ASC	1
28	13	113	NULL	ASC	1
28	14	114	NULL	ASC	1
28	15	115	NULL	ASC	1
28	16	116	NULL	ASC	1
28	17	117	NULL	ASC	1
28	18	118	NULL	ASC	1
28	19	119	NULL	ASC	1
28	20	120	NULL	ASC	1
28	21	121	NULL	ASC	1
28	22	122	NULL	ASC	1
28	23	123	NULL	ASC	1
28	24	124	NULL	ASC	1
28	25	125	NULL	ASC	1
28	26	126	NULL	ASC	1
28	27	127	NULL	ASC	1
28	28	128	NULL	ASC	1
28	29	129	NULL	ASC	1
28	30	130	NULL	ASC	1
28	2	131	NULL	ASC	1
28	3	132	NULL	ASC	1
29	3	103	NULL	ASC	1
29	1	104	8	ASC	0
29	2	105	192	ASC	0
30	3	103	NULL	ASC	1
30	1	104	8	ASC	0
30	2	106	4	ASC	0
31	2	103	NULL	ASC	1
31	1	115	8	ASC	0
32	1	133	8	ASC	0
32	4	134	NULL	ASC	1
32	5	135	NULL	ASC	1
32	6	136	NULL	ASC	1
32	7	137	NULL	ASC	1
32	8	138	NULL	ASC	1
32	9	139	NULL	ASC	1
32	10	140	NULL	ASC	1
32	11	141	NULL	ASC	1
32	12	142	NULL	ASC	1
32	13	143	NULL	ASC	1
32	14	144	NULL	ASC	1
32	15	145	NULL	ASC	1
32	16	146	NULL	ASC	1
32	17	147	NULL	ASC	1
32	2	148	NULL	ASC	1
32	3	149	NULL	ASC	1
33	3	133	NULL	ASC	1
33	1	134	8	ASC	0
33	2	135	192	ASC	0
34	2	133	NULL	ASC	1
34	1	146	8	ASC	0
35	1	150	8	ASC	0
35	2	151	4	ASC	0
35	5	152	NULL	ASC	1
35	6	153	NULL	ASC	1
35	7	154	NULL	ASC	1
35	8	155	NULL	ASC	1
35	3	156	NULL	ASC	1
35	4	157	NULL	ASC	1
36	1	150	8	ASC	0
36	4	151	NULL	ASC	1
36	2	152	8	ASC	0
36	3	155	1	ASC	0
37	2	150	NULL	ASC	1
37	3	151	NULL	ASC	1
37	1	152	8	ASC	0
38	1	158	8	ASC	0
38	2	159	4	ASC	0
38	5	160	NULL	ASC	1
38	3	161	NULL	ASC	1
38	4	162	NULL	ASC	1
39	1	163	8	ASC	0
39	4	164	NULL	ASC	1
39	5	165	NULL	ASC	1
39	6	166	NULL	ASC	1
39	7	167	NULL	ASC	1
39	8	168	NULL	ASC	1
39	9	169	NULL	ASC	1
39	10	170	NULL	ASC	1
39	11	171	NULL	ASC	1
39	12	172	NULL	ASC	1
39	13	173	NULL	ASC	1
39	2	174	NULL	ASC	1
39	3	175	NULL	ASC	1
40	3	163	NULL	ASC	1
40	1	164	8	ASC	0
40	2	166	192	ASC	0
41	3	163	NULL	ASC	1
41	1	165	8	ASC	0
41	2	166	192	ASC	0
42	4	163	NULL	ASC	1
42	1	171	192	ASC	0
42	2	172	192	ASC	0
42	3	173	192	ASC	0
43	2	163	NULL	ASC	1
43	1	167	8	ASC	0
44	1	176	8	ASC	0
44	2	177	4	ASC	0
44	5	178	NULL	ASC	1
44	6	179	NULL	ASC	1
44	3	180	NULL	ASC	1
44	4	181	NULL	ASC	1
45	1	176	8	ASC	0
45	4	177	NULL	ASC	1
45	2	178	8	ASC	0
45	3	179	192	ASC	0
46	2	176	NULL	ASC	1
46	3	177	NULL	ASC	1
46	1	178	8	ASC	0
47	1	182	8	ASC	0
47	4	183	NULL	ASC	1
47	5	184	NULL	ASC	1
47	6	185	NULL	ASC	1
47	7	186	NULL	ASC	1
47	8	187	NULL	ASC	1
47	9	188	NULL	ASC	1
47	10	189	NULL	ASC	1
47	11	190	NULL	ASC	1
47	12	191	NULL	ASC	1
47	13	192	NULL	ASC	1
47	2	193	NULL	ASC	1
47	3	194	NULL	ASC	1
48	3	182	NULL	ASC	1
48	1	183	8	ASC	0
48	2	186	192	ASC	0
49	4	182	NULL	ASC	1
49	1	183	8	ASC	0
49	2	184	1	ASC	0
49	3	185	2	ASC	0
50	3	182	NULL	ASC	1
50	1	187	192	ASC	0
50	2	191	8	ASC	0
51	2	182	NULL	ASC	1
51	1	187	192	ASC	0
52	2	182	NULL	ASC	1
52	1	192	8	ASC	0
53	1	195	8	ASC	0
53	2	196	1	ASC	0
53	3	197	1	ASC	0
53	6	198	NULL	ASC	1
53	7	199	NULL	ASC	1
53	4	200	NULL	ASC	1
53	5	201	NULL	ASC	1
54	1	202	8	ASC	0
54	2	203	8	ASC	0
54	5	204	NULL	ASC	1
54	6	205	NULL	ASC	1
54	7	206	NULL	ASC	1
54	3	207	NULL	ASC	1
54	4	208	NULL	ASC	1
55	2	202	NULL	ASC	1
55	1	203	8	ASC	0
56	2	202	NULL	ASC	1
56	3	203	NULL	ASC	1
56	1	206	8	ASC	0
80	1	322	192	ASC	0
80	2	323	597	ASC	0
80	5	324	NULL	ASC	1
80	6	325	NULL	ASC	1
80	7	326	NULL	ASC	1
80	8	327	NULL	ASC	1
80	3	328	NULL	ASC	1
80	4	329	NULL	ASC	1
81	1	330	192	ASC	0
81	2	331	597	ASC	0
81	3	332	192	ASC	0
81	7	333	NULL	ASC	1
81	4	334	192	ASC	0
81	8	335	NULL	ASC	1
81	9	336	NULL	ASC	1
81	10	337	NULL	ASC	1
81	5	338	NULL	ASC	1
81	6	339	NULL	ASC	1
83	1	344	8	ASC	0
83	4	345	NULL	ASC	1
83	5	346	NULL	ASC	1
83	6	347	NULL	ASC	1
83	7	348	NULL	ASC	1
83	2	349	NULL	ASC	1
83	3	350	NULL	ASC	1
84	2	344	NULL	ASC	1
84	1	345	192	ASC	0
85	2	344	NULL	ASC	1
85	1	346	8	ASC	0
SET GLOBAL debug= '-d,skip_dd_table_access_check';
