TABLE_ID	NAME	FLAG	N_COLS	SPACE	ROW_FORMAT	ZIP_PAGE_SIZE	SPACE_TYPE
11	SYS_FOREIGN	0	7	0	Redundant	0	System
12	SYS_FOREIGN_COLS	0	7	0	Redundant	0	System
13	SYS_TABLESPACES	0	6	0	Redundant	0	System
14	SYS_DATAFILES	0	5	0	Redundant	0	System
15	SYS_VIRTUAL	0	6	0	Redundant	0	System
16	mysql/db	33	25	2	Dynamic	0	Single
17	mysql/user	33	48	3	Dynamic	0	Single
18	mysql/plugin	33	5	4	Dynamic	0	Single
19	mysql/servers	33	12	5	Dynamic	0	Single
20	mysql/tables_priv	33	11	6	Dynamic	0	Single
21	mysql/columns_priv	33	10	7	Dynamic	0	Single
22	mysql/help_topic	33	9	8	Dynamic	0	Single
23	mysql/help_category	33	7	9	Dynamic	0	Single
24	mysql/help_relation	33	5	10	Dynamic	0	Single
25	mysql/help_keyword	33	5	11	Dynamic	0	Single
26	mysql/time_zone_name	33	5	12	Dynamic	0	Single
27	mysql/time_zone	33	5	13	Dynamic	0	Single
28	mysql/time_zone_transition	33	6	14	Dynamic	0	Single
29	mysql/time_zone_transition_type	33	8	15	Dynamic	0	Single
30	mysql/time_zone_leap_second	33	5	16	Dynamic	0	Single
31	mysql/procs_priv	33	11	17	Dynamic	0	Single
37	mysql/gtid_executed	33	6	23	Dynamic	0	Single
38	mysql/server_cost	33	7	24	Dynamic	0	Single
39	mysql/engine_cost	33	9	25	Dynamic	0	Single
40	mysql/proxies_priv	33	10	26	Dynamic	0	Single
table_id	pos	mtype	prtype	len	name
11	0	1	524292	0	ID
11	1	1	524292	0	FOR_NAME
11	2	1	524292	0	REF_NAME
11	3	6	0	4	N_COLS
12	0	1	524292	0	ID
12	1	6	0	4	POS
12	2	1	524292	0	FOR_COL_NAME
12	3	1	524292	0	REF_COL_NAME
13	0	6	0	4	SPACE
13	1	1	524292	0	NAME
13	2	6	0	4	FLAGS
14	0	6	0	4	SPACE
14	1	1	524292	0	PATH
15	0	6	0	8	TABLE_ID
15	1	6	0	4	POS
15	2	6	0	4	BASE_POS
16	0	13	5439998	180	Host
16	1	13	5439998	192	Db
16	2	13	5439998	96	User
16	3	6	1022	1	Select_priv
16	4	6	1022	1	Insert_priv
16	5	6	1022	1	Update_priv
16	6	6	1022	1	Delete_priv
16	7	6	1022	1	Create_priv
16	8	6	1022	1	Drop_priv
16	9	6	1022	1	Grant_priv
16	10	6	1022	1	References_priv
16	11	6	1022	1	Index_priv
16	12	6	1022	1	Alter_priv
16	13	6	1022	1	Create_tmp_table_priv
16	14	6	1022	1	Lock_tables_priv
16	15	6	1022	1	Create_view_priv
16	16	6	1022	1	Show_view_priv
16	17	6	1022	1	Create_routine_priv
16	18	6	1022	1	Alter_routine_priv
16	19	6	1022	1	Execute_priv
16	20	6	1022	1	Event_priv
16	21	6	1022	1	Trigger_priv
17	0	13	5439998	180	Host
17	1	13	5439998	96	User
17	2	6	1022	1	Select_priv
17	3	6	1022	1	Insert_priv
17	4	6	1022	1	Update_priv
17	5	6	1022	1	Delete_priv
17	6	6	1022	1	Create_priv
17	7	6	1022	1	Drop_priv
17	8	6	1022	1	Reload_priv
17	9	6	1022	1	Shutdown_priv
17	10	6	1022	1	Process_priv
17	11	6	1022	1	File_priv
17	12	6	1022	1	Grant_priv
17	13	6	1022	1	References_priv
17	14	6	1022	1	Index_priv
17	15	6	1022	1	Alter_priv
17	16	6	1022	1	Show_db_priv
17	17	6	1022	1	Super_priv
17	18	6	1022	1	Create_tmp_table_priv
17	19	6	1022	1	Lock_tables_priv
17	20	6	1022	1	Execute_priv
17	21	6	1022	1	Repl_slave_priv
17	22	6	1022	1	Repl_client_priv
17	23	6	1022	1	Create_view_priv
17	24	6	1022	1	Show_view_priv
17	25	6	1022	1	Create_routine_priv
17	26	6	1022	1	Alter_routine_priv
17	27	6	1022	1	Create_user_priv
17	28	6	1022	1	Event_priv
17	29	6	1022	1	Trigger_priv
17	30	6	1022	1	Create_tablespace_priv
17	31	6	1022	1	ssl_type
17	32	5	4130300	10	ssl_cipher
17	33	5	4130300	10	x509_issuer
17	34	5	4130300	10	x509_subject
17	35	6	1795	4	max_questions
17	36	6	1795	4	max_updates
17	37	6	1795	4	max_connections
17	38	6	1795	4	max_user_connections
17	39	13	5439998	192	plugin
17	40	5	5439740	10	authentication_string
17	41	6	1022	1	password_expired
17	42	3	525319	4	password_last_changed
17	43	6	1538	2	password_lifetime
17	44	6	1022	1	account_locked
18	0	12	2162959	192	name
18	1	12	2167055	384	dl
19	0	13	2163198	192	Server_name
19	1	13	2163198	192	Host
19	2	13	2163198	192	Db
19	3	13	2163198	192	Username
19	4	13	2163198	192	Password
19	5	6	1283	4	Port
19	6	13	2163198	192	Socket
19	7	13	2163198	192	Wrapper
19	8	13	2163198	192	Owner
20	0	13	5439998	180	Host
20	1	13	5439998	192	Db
20	2	13	5439998	96	User
20	3	13	5439998	192	Table_name
20	4	13	5439998	231	Grantor
20	5	3	525575	4	Timestamp
20	6	6	1022	2	Table_priv
20	7	6	1022	1	Column_priv
21	0	13	5439998	180	Host
21	1	13	5439998	192	Db
21	2	13	5439998	96	User
21	3	13	5439998	192	Table_name
21	4	13	5439998	192	Column_name
21	5	3	525575	4	Timestamp
21	6	6	1022	1	Column_priv
22	0	6	1795	4	help_topic_id
22	1	13	2163198	192	name
22	2	6	1794	2	help_category_id
22	3	5	2163196	10	description
22	4	5	2163196	10	example
22	5	5	2163196	10	url
23	0	6	1794	2	help_category_id
23	1	13	2163198	192	name
23	2	6	1538	2	parent_category_id
23	3	5	2163196	10	url
24	0	6	1795	4	help_topic_id
24	1	6	1795	4	help_keyword_id
25	0	6	1795	4	help_keyword_id
25	1	13	2163198	192	name
26	0	13	2163198	192	Name
26	1	6	1795	4	Time_zone_id
27	0	6	1795	4	Time_zone_id
27	1	6	1022	1	Use_leap_seconds
28	0	6	1795	4	Time_zone_id
28	1	6	1288	8	Transition_time
28	2	6	1795	4	Transition_type_id
29	0	6	1795	4	Time_zone_id
29	1	6	1795	4	Transition_type_id
29	2	6	1283	4	Offset
29	3	6	1793	1	Is_DST
29	4	13	2163198	24	Abbreviation
30	0	6	1288	8	Transition_time
30	1	6	1283	4	Correction
31	0	13	5439998	180	Host
31	1	13	5439998	192	Db
31	2	13	5439998	96	User
31	3	13	2163198	192	Routine_name
31	4	6	1022	1	Routine_type
31	5	13	5439998	231	Grantor
31	6	6	1022	1	Proc_priv
31	7	3	525575	4	Timestamp
37	0	2	524798	36	source_uuid
37	1	6	1288	8	interval_start
37	2	6	1288	8	interval_end
38	0	12	2162959	192	cost_name
38	1	9	1028	4	cost_value
38	2	3	525575	4	last_update
38	3	12	2166799	3072	comment
39	0	12	2162959	192	engine_name
39	1	6	1283	4	device_type
39	2	12	2162959	192	cost_name
39	3	9	1028	4	cost_value
39	4	3	525575	4	last_update
39	5	12	2166799	3072	comment
40	0	13	5439998	180	Host
40	1	13	5439998	96	User
40	2	13	5439998	180	Proxied_host
40	3	13	5439998	96	Proxied_user
40	4	6	1281	1	With_grant
40	5	13	5439998	231	Grantor
40	6	3	525575	4	Timestamp
index_id	table_id	type	n_fields	space	name
11	11	3	1	0	ID_IND
12	11	0	1	0	FOR_IND
13	11	0	1	0	REF_IND
14	12	3	2	0	ID_IND
15	13	3	1	0	SYS_TABLESPACES_SPACE
16	14	3	1	0	SYS_DATAFILES_SPACE
17	15	3	3	0	BASE_IDX
18	16	3	3	2	PRIMARY
19	16	0	1	2	User
20	17	3	2	3	PRIMARY
21	18	3	1	4	PRIMARY
22	19	3	1	5	PRIMARY
23	20	3	4	6	PRIMARY
24	20	0	1	6	Grantor
25	21	3	5	7	PRIMARY
26	22	3	1	8	PRIMARY
27	22	2	1	8	name
28	23	3	1	9	PRIMARY
29	23	2	1	9	name
30	24	3	2	10	PRIMARY
31	25	3	1	11	PRIMARY
32	25	2	1	11	name
33	26	3	1	12	PRIMARY
34	27	3	1	13	PRIMARY
35	28	3	2	14	PRIMARY
36	29	3	2	15	PRIMARY
37	30	3	1	16	PRIMARY
38	31	3	5	17	PRIMARY
39	31	0	1	17	Grantor
45	37	3	2	23	PRIMARY
46	38	3	1	24	PRIMARY
47	39	3	3	25	PRIMARY
48	40	3	4	26	PRIMARY
49	40	0	1	26	Grantor
SELECT index_id,pos,name FROM INFORMATION_SCHEMA.INNODB_SYS_FIELDS
WHERE name NOT IN ('database_name', 'table_name', 'index_name', 'stat_name', 'id', 'host', 'port', 'variable')
ORDER BY index_id, pos;
index_id	pos	name
12	0	FOR_NAME
13	0	REF_NAME
14	1	POS
15	0	SPACE
16	0	SPACE
17	0	TABLE_ID
17	1	POS
17	2	BASE_POS
18	1	Db
18	2	User
19	0	User
20	1	User
21	0	name
22	0	Server_name
23	1	Db
23	2	User
24	0	Grantor
25	1	Db
25	2	User
25	4	Column_name
26	0	help_topic_id
27	0	name
28	0	help_category_id
29	0	name
30	0	help_keyword_id
30	1	help_topic_id
31	0	help_keyword_id
32	0	name
33	0	Name
34	0	Time_zone_id
35	0	Time_zone_id
35	1	Transition_time
36	0	Time_zone_id
36	1	Transition_type_id
37	0	Transition_time
38	1	Db
38	2	User
38	3	Routine_name
38	4	Routine_type
39	0	Grantor
42	0	Channel_name
43	0	Channel_name
44	0	Channel_name
45	0	source_uuid
45	1	interval_start
46	0	cost_name
47	0	cost_name
47	1	engine_name
47	2	device_type
48	1	User
48	2	Proxied_host
48	3	Proxied_user
49	0	Grantor
SELECT * FROM INFORMATION_SCHEMA.INNODB_SYS_FOREIGN;
ID	FOR_NAME	REF_NAME	N_COLS	TYPE
SELECT * FROM INFORMATION_SCHEMA.INNODB_SYS_FOREIGN_COLS;
ID	FOR_COL_NAME	REF_COL_NAME	POS
DROP TABLE IF EXISTS t_redundant, t_compact, t_compressed, t_dynamic;
CREATE TABLE t_redundant (a INT KEY, b TEXT) ROW_FORMAT=REDUNDANT ENGINE=innodb;
CREATE TABLE t_compact (a INT KEY, b TEXT) ROW_FORMAT=COMPACT ENGINE=innodb;
CREATE TABLE t_compressed (a INT KEY, b TEXT) ROW_FORMAT=COMPRESSED ENGINE=innodb KEY_BLOCK_SIZE=2;
CREATE TABLE t_dynamic (a INT KEY, b TEXT) ROW_FORMAT=DYNAMIC ENGINE=innodb;
=== information_schema.innodb_sys_tables  and innodb_sys_tablespaces ===
Table Name	Tablespace	Table Flags	Columns	Row Format	Zip Size	Space Type
test/t_compact	test/t_compact	1	5	Compact	0	Single
test/t_compressed	test/t_compressed	37	5	Compressed	2048	Single
test/t_dynamic	test/t_dynamic	33	5	Dynamic	0	Single
test/t_redundant	test/t_redundant	0	5	Redundant	0	Single
=== information_schema.innodb_sys_tablespaces and innodb_sys_datafiles ===
Space_Name	Space_Type	Page_Size	Zip_Size	Formats_Permitted	Path
test/t_redundant	Single	DEFAULT	0	Compact or Redundant	MYSQLD_DATADIR/test/t_redundant.ibd
test/t_compact	Single	DEFAULT	0	Compact or Redundant	MYSQLD_DATADIR/test/t_compact.ibd
test/t_compressed	Single	DEFAULT	2048	Compressed	MYSQLD_DATADIR/test/t_compressed.ibd
test/t_dynamic	Single	DEFAULT	0	Dynamic	MYSQLD_DATADIR/test/t_dynamic.ibd
=== information_schema.files ===
Space_Name	File_Type	Engine	Status	Tablespace_Name	Path
test/t_redundant	TABLESPACE	InnoDB	NORMAL	innodb_file_per_table.##	MYSQLD_DATADIR/test/t_redundant.ibd
test/t_compact	TABLESPACE	InnoDB	NORMAL	innodb_file_per_table.##	MYSQLD_DATADIR/test/t_compact.ibd
test/t_compressed	TABLESPACE	InnoDB	NORMAL	innodb_file_per_table.##	MYSQLD_DATADIR/test/t_compressed.ibd
test/t_dynamic	TABLESPACE	InnoDB	NORMAL	innodb_file_per_table.##	MYSQLD_DATADIR/test/t_dynamic.ibd
DROP TABLE t_redundant, t_compact, t_compressed, t_dynamic;
SELECT count(*) FROM INFORMATION_SCHEMA.INNODB_SYS_TABLESTATS
WHERE name NOT LIKE 'sys/%';
count(*)
30
CREATE TABLE parent (id INT NOT NULL,
PRIMARY KEY (id)) ENGINE=INNODB;
CREATE TABLE child (id INT, parent_id INT,
INDEX par_ind (parent_id),
CONSTRAINT constraint_test
FOREIGN KEY (parent_id) REFERENCES parent(id)
ON DELETE CASCADE) ENGINE=INNODB;
SELECT * FROM INFORMATION_SCHEMA.INNODB_SYS_FOREIGN;
ID	FOR_NAME	REF_NAME	N_COLS	TYPE
test/constraint_test	test/child	test/parent	1	1
SELECT * FROM INFORMATION_SCHEMA.INNODB_SYS_FOREIGN_COLS;
ID	FOR_COL_NAME	REF_COL_NAME	POS
test/constraint_test	parent_id	id	0
INSERT INTO parent VALUES(1);
SELECT name, num_rows, ref_count
FROM INFORMATION_SCHEMA.INNODB_SYS_TABLESTATS
WHERE name LIKE "%parent";
name	num_rows	ref_count
test/parent	1	1
SELECT NAME, FLAG, N_COLS FROM INFORMATION_SCHEMA.INNODB_SYS_TABLES
WHERE name NOT LIKE 'sys/%';
NAME	FLAG	N_COLS
SYS_DATAFILES	0	5
SYS_FOREIGN	0	7
SYS_FOREIGN_COLS	0	7
SYS_TABLESPACES	0	6
SYS_VIRTUAL	0	6
mysql/columns_priv	33	10
mysql/db	33	25
mysql/engine_cost	33	9
mysql/gtid_executed	33	6
mysql/help_category	33	7
mysql/help_keyword	33	5
mysql/help_relation	33	5
mysql/help_topic	33	9
mysql/innodb_index_stats	33	11
mysql/innodb_table_stats	33	9
mysql/plugin	33	5
mysql/procs_priv	33	11
mysql/proxies_priv	33	10
mysql/server_cost	33	7
mysql/servers	33	12
mysql/slave_master_info	33	27
mysql/slave_relay_log_info	33	12
mysql/slave_worker_info	33	16
mysql/tables_priv	33	11
mysql/time_zone	33	5
mysql/time_zone_leap_second	33	5
mysql/time_zone_name	33	5
mysql/time_zone_transition	33	6
mysql/time_zone_transition_type	33	8
mysql/user	33	48
test/child	33	5
test/parent	33	4
SELECT name, n_fields
from INFORMATION_SCHEMA.INNODB_SYS_INDEXES
WHERE table_id In (SELECT table_id from
INFORMATION_SCHEMA.INNODB_SYS_TABLES
WHERE name LIKE "%parent%");
name	n_fields
PRIMARY	1
SELECT name, n_fields
from INFORMATION_SCHEMA.INNODB_SYS_INDEXES
WHERE table_id In (SELECT table_id from
INFORMATION_SCHEMA.INNODB_SYS_TABLES
WHERE name LIKE "%child%");
name	n_fields
GEN_CLUST_INDEX	0
par_ind	1
SELECT name, pos, mtype, len
from INFORMATION_SCHEMA.INNODB_SYS_COLUMNS
WHERE table_id In (SELECT table_id from
INFORMATION_SCHEMA.INNODB_SYS_TABLES
WHERE name LIKE "%child%");
name	pos	mtype	len
id	0	6	4
parent_id	1	6	4
DROP TABLE child;
DROP TABLE parent;
CREATE TABLE parent (id INT NOT NULL, newid INT NOT NULL,
PRIMARY KEY (id, newid)) ENGINE=INNODB;
CREATE TABLE child (id INT, parent_id INT,
INDEX par_ind (parent_id),
CONSTRAINT constraint_test
FOREIGN KEY (id, parent_id) REFERENCES parent(id, newid)
ON DELETE CASCADE) ENGINE=INNODB;
SELECT * FROM INFORMATION_SCHEMA.INNODB_SYS_FOREIGN;
ID	FOR_NAME	REF_NAME	N_COLS	TYPE
test/constraint_test	test/child	test/parent	2	1
SELECT * FROM INFORMATION_SCHEMA.INNODB_SYS_FOREIGN_COLS;
ID	FOR_COL_NAME	REF_COL_NAME	POS
test/constraint_test	id	id	0
test/constraint_test	parent_id	newid	1
INSERT INTO parent VALUES(1, 9);
SELECT * FROM parent WHERE id IN (SELECT id FROM parent);
id	newid
1	9
SELECT name, num_rows, ref_count
FROM INFORMATION_SCHEMA.INNODB_SYS_TABLESTATS
WHERE name LIKE "%parent";
name	num_rows	ref_count
test/parent	1	2
DROP TABLE child;
DROP TABLE parent;
