CREATE TABLE t_8114 (a int) ENGINE = INNODB;
ALTER TABLE t_8114 ADD b INT GENERATED  ALWAYS AS (a) VIRTUAL;
SELECT NAME FROM INFORMATION_SCHEMA.INNODB_SYS_TABLES WHERE NAME LIKE "%t_8114";
NAME
test/t_8114
SELECT NAME, POS, MTYPE, PRTYPE, LEN FROM INFORMATION_SCHEMA.INNODB_SYS_COLUMNS WHERE TABLE_ID IN (SELECT TABLE_ID FROM INFORMATION_SCHEMA.INNODB_SYS_TABLES WHERE NAME LIKE "%t_8114") ORDER BY NAME;
NAME	POS	MTYPE	PRTYPE	LEN
a	1	0	0	0
b	2	0	0	0
DB_ROLL_PTR	5	0	0	0
DB_ROW_ID	3	0	0	0
DB_TRX_ID	4	0	0	0
INSERT INTO t_8114 VALUES (9, default);
INSERT INTO t_8114 VALUES (3, default);
INSERT INTO t_8114 VALUES (1, default);
INSERT INTO t_8114 VALUES (5, default);
SELECT * FROM t_8114;
a	b
9	9
3	3
1	1
5	5
DROP TABLE t_8114;
CREATE TABLE t_8114 (Column_1 CHAR(5) GENERATED ALWAYS AS (PI()+5), Column_2  CHAR(5));
SELECT NAME, FLAG, N_COLS FROM INFORMATION_SCHEMA.INNODB_SYS_TABLES WHERE NAME LIKE "%t_8114";
NAME	FLAG	N_COLS
test/t_8114	0	5
SELECT NAME, POS, MTYPE, PRTYPE, LEN FROM INFORMATION_SCHEMA.INNODB_SYS_COLUMNS WHERE TABLE_ID IN (SELECT TABLE_ID FROM INFORMATION_SCHEMA.INNODB_SYS_TABLES WHERE NAME LIKE "%t_8114") ORDER BY NAME;
NAME	POS	MTYPE	PRTYPE	LEN
Column_1	1	0	0	0
Column_2	2	0	0	0
DB_ROLL_PTR	5	0	0	0
DB_ROW_ID	3	0	0	0
DB_TRX_ID	4	0	0	0
INSERT INTO t_8114 VALUES (default, "aa");
INSERT INTO t_8114 VALUES (default, "bb");
INSERT INTO t_8114 VALUES (default, "ee");
INSERT INTO t_8114 VALUES (default, "pp");
SELECT * FROM t_8114;
Column_1	Column_2
8.142	aa
8.142	bb
8.142	ee
8.142	pp
ALTER TABLE t_8114 DROP Column_1;
SELECT NAME FROM INFORMATION_SCHEMA.INNODB_SYS_TABLES WHERE NAME LIKE "%t_8114";
NAME
test/t_8114
SELECT NAME, POS, MTYPE, PRTYPE, LEN FROM INFORMATION_SCHEMA.INNODB_SYS_COLUMNS WHERE TABLE_ID IN (SELECT TABLE_ID FROM INFORMATION_SCHEMA.INNODB_SYS_TABLES WHERE NAME LIKE "%t_8114") ORDER BY NAME;
NAME	POS	MTYPE	PRTYPE	LEN
Column_2	1	0	0	0
DB_ROLL_PTR	4	0	0	0
DB_ROW_ID	2	0	0	0
DB_TRX_ID	3	0	0	0
SELECT * FROM t_8114;
Column_2
aa
bb
ee
pp
DROP TABLE t_8114;
