ALTER TABLE t1
ENGINE=Innodb;
ALTER TABLE t2
ENGINE=Innodb;
ALTER TABLE t3
ENGINE=Innodb;
ALTER TABLE t4
ENGINE=Innodb;
ALTER TABLE t5
ENGINE=Innodb;
ALTER TABLE t6
ENGINE=Innodb;
ALTER TABLE t7
ENGINE=Innodb;
select TABLE_SCHEMA, TABLE_NAME, ENGINE
from information_schema.tables
where TABLE_SCHEMA = 'ndb_ddl_test'
  order by TABLE_SCHEMA, TABLE_NAME;
TABLE_SCHEMA	TABLE_NAME	ENGINE
ndb_ddl_test	t1	InnoDB
ndb_ddl_test	t2	InnoDB
ndb_ddl_test	t3	InnoDB
ndb_ddl_test	t4	InnoDB
ndb_ddl_test	t5	InnoDB
ndb_ddl_test	t6	InnoDB
ndb_ddl_test	t7	InnoDB
select TABLE_SCHEMA, TABLE_NAME, ENGINE
from information_schema.tables
where TABLE_SCHEMA = 'ndb_ddl_test'
  order by TABLE_SCHEMA, TABLE_NAME;
TABLE_SCHEMA	TABLE_NAME	ENGINE
select TABLE_SCHEMA, TABLE_NAME, ENGINE
from information_schema.tables
where TABLE_SCHEMA = 'ndb_ddl_test'
  order by TABLE_SCHEMA, TABLE_NAME;
TABLE_SCHEMA	TABLE_NAME	ENGINE
ALTER TABLE t1
ENGINE=NDB;
ALTER TABLE t2
ENGINE=NDB;
ALTER TABLE t3
ENGINE=NDB;
ALTER TABLE t4
ENGINE=NDB;
ALTER TABLE t5
ENGINE=NDB;
ALTER TABLE t6
ENGINE=NDB;
ALTER TABLE t7
ENGINE=NDB;
== verify_mysql_dd.inc ==
